team,abbrevation,region,tier,players,last_change,changes,url,Player_1,Player_1_Strength,Player_2,Player_2_Strength,Player_3,Player_3_Strength,Player_4,Player_4_Strength,Player_5,Player_5_Strength,Player_6,Player_6_Strength
Trust In Plug,PLUG,,,"['monSi', 'Teague', 'mikeE', 'Jerrwin', 'bao']",2024-11-16,5,https://www.vlr.gg/team/16898/trust-in-plug,monSi,74.4295,Teague,78.147,mikeE,100.456,Jerrwin,,bao,,,
GIANTX,GX,EMEA,Tier 1,"['Cloud', 'purp0', 'runneR', 'westside', 'tomaszy', 'Hehnal', 'wayLander']",2024-11-26,3,https://www.vlr.gg/team/14419/giantx,Cloud,,purp0,120.385,runneR,106.0,westside,75.29,tomaszy,,Hehnal,
esports team αD,ADV,,,"['abu', 'niki', 'Han', 'EscO', 'Kyuanyami', '61ue', 'kokuya', 'Savilax', 'YuRelly', 'kuro5']",2024-11-27,2,https://www.vlr.gg/team/14677/esports-team-d,abu,,niki,,Han,,EscO,,Kyuanyami,,61ue,
CREST GAMING Zst,CGZ,Japan,Tier 2,"['Brofeld', 'bazz', 'KEN', 'Kapi', 'sakurai', 'NeruFi']",2024-10-23,1,https://www.vlr.gg/team/294/crest-gaming-zst,Brofeld,,bazz,84.63850000000001,KEN,99.612,Kapi,75.0655,sakurai,85.439,NeruFi,
Trust In Plug,PLUG,,,"['monSi', 'Teague', 'mikeE', 'Jerrwin', 'bao']",2024-11-16,5,https://www.vlr.gg/team/16898/trust-in-plug,monSi,74.4295,Teague,78.147,mikeE,100.456,Jerrwin,,bao,,,
GIANTX,GX,EMEA,Tier 1,"['Cloud', 'purp0', 'runneR', 'westside', 'tomaszy', 'Hehnal', 'wayLander']",2024-11-26,3,https://www.vlr.gg/team/14419/giantx,Cloud,,purp0,120.385,runneR,106.0,westside,75.29,tomaszy,,Hehnal,
esports team αD,ADV,,,"['abu', 'niki', 'Han', 'EscO', 'Kyuanyami', '61ue', 'kokuya', 'Savilax', 'YuRelly', 'kuro5']",2024-11-27,2,https://www.vlr.gg/team/14677/esports-team-d,abu,,niki,,Han,,EscO,,Kyuanyami,,61ue,
CREST GAMING Zst,CGZ,Japan,Tier 2,"['Brofeld', 'bazz', 'KEN', 'Kapi', 'sakurai', 'NeruFi']",2024-10-23,1,https://www.vlr.gg/team/294/crest-gaming-zst,Brofeld,,bazz,84.63850000000001,KEN,99.612,Kapi,75.0655,sakurai,85.439,NeruFi,
Stacked Like Pancakes,,,,"['제리zzzz', 'clutchyy', 'MACHEEW', 'KhenZy', 'meli', 'Jrfobb', 'Murdoch']",Unknown,9,https://www.vlr.gg/team/16022/stacked-like-pancakes,제리zzzz,,clutchyy,,MACHEEW,,KhenZy,,meli,,Jrfobb,
LAZY,,,,"['BMV', 'moefcute', 'Akashi', 'Louboutin', 'Hyzee']",Unknown,19,https://www.vlr.gg/team/11275/lazy,BMV,,moefcute,,Akashi,,Louboutin,,Hyzee,,,
Mogo eSports,MOGO,,,"['LeVi', 'azys', 'DEATHMAKER', 'Antidote', 'rawfiul', 'VictiM']",Unknown,22,https://www.vlr.gg/team/14768/mogo-esports,LeVi,,azys,,DEATHMAKER,,Antidote,,rawfiul,,VictiM,
Trust In Plug,PLUG,,,"['monSi', 'Teague', 'mikeE', 'Jerrwin', 'bao']",2024-11-16,5,https://www.vlr.gg/team/16898/trust-in-plug,monSi,74.4295,Teague,78.147,mikeE,100.456,Jerrwin,,bao,,,
GIANTX,GX,EMEA,Tier 1,"['Cloud', 'purp0', 'runneR', 'westside', 'tomaszy', 'Hehnal', 'wayLander']",2024-11-26,3,https://www.vlr.gg/team/14419/giantx,Cloud,,purp0,120.385,runneR,106.0,westside,75.29,tomaszy,,Hehnal,
esports team αD,ADV,,,"['abu', 'niki', 'Han', 'EscO', 'Kyuanyami', '61ue', 'kokuya', 'Savilax', 'YuRelly', 'kuro5']",2024-11-27,2,https://www.vlr.gg/team/14677/esports-team-d,abu,,niki,,Han,,EscO,,Kyuanyami,,61ue,
CREST GAMING Zst,CGZ,Japan,Tier 2,"['Brofeld', 'bazz', 'KEN', 'Kapi', 'sakurai', 'NeruFi']",2024-10-23,1,https://www.vlr.gg/team/294/crest-gaming-zst,Brofeld,,bazz,84.63850000000001,KEN,99.612,Kapi,75.0655,sakurai,85.439,NeruFi,
Stacked Like Pancakes,,,,"['제리zzzz', 'clutchyy', 'MACHEEW', 'KhenZy', 'meli', 'Jrfobb', 'Murdoch']",Unknown,9,https://www.vlr.gg/team/16022/stacked-like-pancakes,제리zzzz,,clutchyy,,MACHEEW,,KhenZy,,meli,,Jrfobb,
LAZY,,,,"['BMV', 'moefcute', 'Akashi', 'Louboutin', 'Hyzee']",Unknown,19,https://www.vlr.gg/team/11275/lazy,BMV,,moefcute,,Akashi,,Louboutin,,Hyzee,,,
Mogo eSports,MOGO,,,"['LeVi', 'azys', 'DEATHMAKER', 'Antidote', 'rawfiul', 'VictiM']",Unknown,22,https://www.vlr.gg/team/14768/mogo-esports,LeVi,,azys,,DEATHMAKER,,Antidote,,rawfiul,,VictiM,
Team Rotib4kar,ROTI,,,[],2024-06-06,0,https://www.vlr.gg/team/17076/team-rotib4kar,,,,,,,,,,,,
Team Jeicchu,JEIC,,,[],2024-06-06,0,https://www.vlr.gg/team/17084/team-jeicchu,,,,,,,,,,,,
T1,,Pacific,Tier 1,"['stax', 'Meteor', 'Sylvan', 'BuZz', 'iZu', 'carpe', 'Norman', 'CheongGak', 'Indigo']",2024-10-15,2,https://www.vlr.gg/team/14/t1,stax,96.893,Meteor,99.13600000000001,Sylvan,100.8035,BuZz,109.628,iZu,104.78900000000002,carpe,
Cloud9,C9,Americas,Tier 1,"['mitch', 'Xeppaa', 'v1c', 'OXY', 'moose', 'Immi', 'GUGLi']",2024-12-12,1,https://www.vlr.gg/team/188/cloud9,mitch,85.74,Xeppaa,98.20150000000001,v1c,87.7535,OXY,108.67000000000002,moose,87.08749999999999,Immi,
Natus Vincere,NAVI,EMEA,Tier 1,"['ANGE1', 'Shao', 'Ruxic', 'hiro', 'koalanoob', 'Zuzanna', 'Xirreth']",2024-12-14,1,https://www.vlr.gg/team/4915/natus-vincere,ANGE1,,Shao,,Ruxic,,hiro,,koalanoob,,Zuzanna,
ZOL Esports,ZOL,Philippines,Tier 2,"['PatMen', 'ZYND', 'jEEE', 'Kakarot', 'Kevzii', 'JCL']",2024-10-09,1,https://www.vlr.gg/team/8375/zol-esports,PatMen,92.119,ZYND,79.73049999999999,jEEE,66.991,Kakarot,71.011,Kevzii,82.644,JCL,
Rex Regum Qeon,RRQ,Pacific,Tier 1,"['Estrella', 'Monyet', 'xffero', 'Jemkin', 'Kushy', 'Kiyawnz', 'Warbirds']",2024-10-10,1,https://www.vlr.gg/team/878/rex-regum-qeon,Estrella,93.71,Monyet,105.73,xffero,95.41,Jemkin,121.3,Kushy,,Kiyawnz,
Unsigned5,U5,MA/Sing,Tier 2,"['Fixy', 'Riza', 'Flaring', 'markL', 'Iceyyy', 'Skeltzy']",Unknown,7,https://www.vlr.gg/team/16592/unsigned5,Fixy,76.0715,Riza,81.648,Flaring,75.7995,markL,70.099,Iceyyy,75.71,Skeltzy,
Team ESOTERIC,ESO,,,[],2024-06-06,0,https://www.vlr.gg/team/17070/team-esoteric,,,,,,,,,,,,
Team CombatBaby,COMB,,,[],2024-06-06,0,https://www.vlr.gg/team/17083/team-combatbaby,,,,,,,,,,,,
Cubert Academy,CUBE,,,['Reduxx'],2024-12-12,1,https://www.vlr.gg/team/16899/cubert-academy,Reduxx,111.06,,,,,,,,,,
Xi Lai Gaming,XLG,China,Tier 1,"['Rarga', 'happywei', 'MrCANI', 'MarT1n', 'coconut', 'YOU', 'ZiXuan']",2024-12-05,1,https://www.vlr.gg/team/13581/xi-lai-gaming,Rarga,97.87,happywei,81.06,MrCANI,85.92,MarT1n,95.69,coconut,105.07,YOU,104.29
RIDDLE ORDER,RID,Japan,Tier 2,"['JoXJo', 'Minty', 'Caedye', 'Seoldam', 'yatsuka', 'Vorz', 'Virullent']",2024-11-12,1,https://www.vlr.gg/team/14375/riddle-order,JoXJo,78.3095,Minty,,Caedye,99.369,Seoldam,117.25,yatsuka,83.774,Vorz,
BLUE BEES.ESP,BB,,,"['keisu', 'Lafura', 'Zan', 'e9Lair', 'kenmohororo']",2024-11-22,1,https://www.vlr.gg/team/2108/blue-bees-esp,keisu,,Lafura,,Zan,,e9Lair,,kenmohororo,,,
NRG Esports,NRG,Americas,Tier 1,"['FiNESSE', 's0m', 'Verno', 'mada', 'Ethan', 'Ry', 'Strong']",2024-10-22,0,https://www.vlr.gg/team/1034/nrg-esports,FiNESSE,66.3045,s0m,103.1275,Verno,115.65199999999999,mada,100.5305,Ethan,100.0615,Ry,
club penguin,,,,"['Huntr', 'pyua', 'fusion', 'repo', 'Zetik', 'oj', 'Mundy', 'wodz']",2024-04-26,1,https://www.vlr.gg/team/10305/club-penguin,Huntr,,pyua,,fusion,,repo,,Zetik,,oj,
CNEsports,CNE,,,"['GANGAZI', 'OneStep', 'kobra', 'JooHyung', 'BENECIA']",Unknown,35,https://www.vlr.gg/team/1132/cnesports,GANGAZI,,OneStep,,kobra,,JooHyung,,BENECIA,,,
KRÜ Esports,KRÜ,Americas,Tier 1,"['Melser', 'keznit', 'Mazino', 'adverso', 'mta', 'Shyy', 'ddx', 'Nyogen']",2024-11-06,2,https://www.vlr.gg/team/2355/kr-esports,Melser,,keznit,,Mazino,,adverso,83.8585,mta,,Shyy,
NOEZ FOXX,NFX,,,"['BlackWiz', 'Esperanza', 'thiefy', 'marin', 'eKo', 'barce', 'Try', '2zzy']",2024-11-29,0,https://www.vlr.gg/team/14383/noez-foxx,BlackWiz,69.822,Esperanza,70.256,thiefy,82.70649999999999,marin,,eKo,,barce,
Tiny Turtle Squad,TTS,,,"['R3gen', 'NOVAE', 'BREW', 'gon', 'WisdomCats', 'Zeo']",Unknown,8,https://www.vlr.gg/team/15644/tiny-turtle-squad,R3gen,,NOVAE,,BREW,,gon,,WisdomCats,,Zeo,
Unicorn Cyber Esports,UNC,,,"['Ketzai', 'QuinT', 'X1nh', 'prettyMy', 'KeA', 'Creamm']",2024-05-21,1,https://www.vlr.gg/team/15806/unicorn-cyber-esports,Ketzai,,QuinT,,X1nh,,prettyMy,,KeA,,Creamm,
TYLOO,TYL,China,Tier 1,"['Ninebody', 'coldfish', 'hfmi0dzjc9z7', 'Eren', 'fc4t', 'slk']",2024-10-29,1,https://www.vlr.gg/team/731/tyloo,Ninebody,126.2,coldfish,,hfmi0dzjc9z7,,Eren,103.32,fc4t,,slk,
G2 Esports,G2,Americas,Tier 1,"['valyn', 'jawgemo', 'trent', 'JonahP', 'leaf', 'Seowulf', 'shhhack']",2024-10-07,1,https://www.vlr.gg/team/11058/g2-esports,valyn,97.77,jawgemo,,trent,109.225,JonahP,90.6825,leaf,108.03649999999999,Seowulf,
Randoms,RAND,,,"['Curvezy', 'Kakashiii', 'Planko', 'Mythical', 'Monokuma', 'Astin', 'Nikuu']",Unknown,7,https://www.vlr.gg/team/37/randoms,Curvezy,,Kakashiii,,Planko,,Mythical,,Monokuma,,Astin,
Titan Esports Club,TEC,China,Tier 1,"['AC', 'Haodong', 'Abo', 'kawaii', 'Rb', 'B1ack', 'Gazero', 'AfteR']",2024-11-17,1,https://www.vlr.gg/team/14137/titan-esports-club,AC,84.99,Haodong,76.13,Abo,89.14,kawaii,,Rb,95.12,B1ack,36.78
Team beejaayyy,BJAY,,,[],2024-06-06,0,https://www.vlr.gg/team/17085/team-beejaayyy,,,,,,,,,,,,
RANKERS,RANK,North America,Tier 3,"['P0PPIN', 'Eggsterr', 'nightz', 'Inspire', 'canezera']",Unknown,5,https://www.vlr.gg/team/16806/rankers,P0PPIN,,Eggsterr,,nightz,,Inspire,,canezera,,,
Team NKT Academy,NKT.A,,,"['ArPoom', 'socools0da', 'Vickyz', 'D4rf', 'LoRangeZ', 'w1zard']",Unknown,5,https://www.vlr.gg/team/16858/team-nkt-academy,ArPoom,66.73,socools0da,71.2,Vickyz,,D4rf,,LoRangeZ,,w1zard,
Team JoshF,JOSH,,,[],2024-06-06,0,https://www.vlr.gg/team/17080/team-joshf,,,,,,,,,,,,
True Rippers,TRS,,,"['Ri0', 'Marcai', 'BatmaN', 'R0meo', 'WAT', 'RvK', 'Ransom', 'EzioSMC']",2024-09-26,6,https://www.vlr.gg/team/4733/true-rippers,Ri0,,Marcai,,BatmaN,,R0meo,,WAT,,RvK,
Nova Esports,NOVA,China,Tier 1,"['o0o0o', 'OBONE', 'SWERL', 'CB', 'Ezeir', 'GuanG', 'fore']",2024-06-11,2,https://www.vlr.gg/team/12064/nova-esports,o0o0o,82.35,OBONE,,SWERL,110.54,CB,,Ezeir,,GuanG,
Team Cece,CECE,,,[],2024-06-06,0,https://www.vlr.gg/team/17078/team-cece,,,,,,,,,,,,
IGZIST,IGZ,,,"['RIPablo', 'popogachi', 'Yamada', 'oitaN', 'Frxeez', 'EROC']",2024-11-19,0,https://www.vlr.gg/team/6869/igzist,RIPablo,,popogachi,,Yamada,,oitaN,,Frxeez,,EROC,
DRX Changers,DRX.C,,,"['Healing', 'lucky', 'Dia', 'YOME', 'Ache', 'YuRiHaNa', 'fAwn', 'juri']",2024-12-16,2,https://www.vlr.gg/team/10113/drx-changers,Healing,,lucky,,Dia,,YOME,,Ache,,YuRiHaNa,
APAY Academy,APAY.AC,,,"['Tuna', 'Lightning', 'Fin', 'Jose1', 'Dylan', 'シガレット', 'Yatoo', 'LOVE']",Unknown,8,https://www.vlr.gg/team/16928/apay-academy,Tuna,,Lightning,,Fin,,Jose1,,Dylan,,シガレット,
Paper Rex,PRX,Pacific,Tier 1,"['mindfreak', 'Jinggg', 'f0rsakeN', 'd4v41', 'something', 'JdFaker', 'alecks', 'Listi']",2024-09-11,0,https://www.vlr.gg/team/624/paper-rex,mindfreak,81.7,Jinggg,113.12899999999999,f0rsakeN,125.34750000000001,d4v41,105.54,something,120.0,JdFaker,
FURIA,FUR,Americas,Tier 1,"['raafa', 'heat', 'mwzera', 'havoc', 'Khalil', 'lukzera']",2024-12-09,2,https://www.vlr.gg/team/2406/furia,raafa,,heat,,mwzera,,havoc,,Khalil,,lukzera,
FNATIC,FNC,EMEA,Tier 1,"['Boaster', 'crashies', 'kaajak', 'Chronicle', 'Alfajer', 'Leo', 'CoJo', 'Milan']",2024-12-14,0,https://www.vlr.gg/team/2593/fnatic,Boaster,72.647,crashies,,kaajak,103.6145,Chronicle,106.999,Alfajer,123.65100000000001,Leo,
DUPG Esports,DUPG,,,"['karam1l', 'HyBr1D', 'AceStaRRRRR', 'Envy2K', 'Disease', 'Scouser']",2024-10-15,1,https://www.vlr.gg/team/13364/dupg-esports,karam1l,,HyBr1D,,AceStaRRRRR,,Envy2K,,Disease,,Scouser,
Chaos Alliance,CA,,,"['Blue', 'ckuma', 'Uta', 'CHAK']",Unknown,4,https://www.vlr.gg/team/17096/chaos-alliance,Blue,,ckuma,,Uta,86.17699999999999,CHAK,,,,,
JDG Esports,JDG,China,Tier 1,"['YHchen', 'stew', 'Viva', 'jkuro', 'Z1yan', 'sword9', 'YiHao', 'Jayce', 'hypnotizing']",2024-10-28,0,https://www.vlr.gg/team/13576/jdg-esports,YHchen,,stew,124.25,Viva,75.85,jkuro,101.96,Z1yan,,sword9,68.05
Team Poupi,POUP,,,[],2024-06-06,0,https://www.vlr.gg/team/17077/team-poupi,,,,,,,,,,,,
Delight,DLTT,,,"['Luca', 'Chay', 'g4ll', 'R1va', 'flora', 'Dhimoruto', 'sieg']",2024-12-13,1,https://www.vlr.gg/team/15596/delight,Luca,73.08749999999999,Chay,,g4ll,,R1va,,flora,,Dhimoruto,
Team Micera,MCR,,,[],2024-06-06,0,https://www.vlr.gg/team/17081/team-micera,,,,,,,,,,,,
Team Coldan,COLD,,,[],2024-06-06,0,https://www.vlr.gg/team/17082/team-coldan,,,,,,,,,,,,
BABO,,,,"['YoWamu', 'Ask', 'Ady', 'kurozooted', 'Dan', 'ScoPe', 'shoushi']",2024-11-11,0,https://www.vlr.gg/team/16242/babo,YoWamu,72.9535,Ask,81.985,Ady,,kurozooted,,Dan,,ScoPe,
Onyx Ravens,OXR,MENA,Tier 2,"['AlMtRoOo3', 'Srx', 'waleed', 'Kuro', 'ACHRF', 'zMART', 'STK']",2024-08-04,1,https://www.vlr.gg/team/6159/onyx-ravens,AlMtRoOo3,,Srx,,waleed,,Kuro,54.307500000000005,ACHRF,83.0135,zMART,75.1995
Team Big BAAM,BAAM,,,"['NT2k', 'LilHieu', 'nTK', 'P1nA', 'KimHung2k5']",2023-07-03,6,https://www.vlr.gg/team/5931/team-big-baam,NT2k,,LilHieu,,nTK,,P1nA,,KimHung2k5,,,
2Game Esports,2G,Brazil,Tier 1,"['gobera', 'Zap', 'pryze', 'lz', 'spike', 'silentzz', 'Yushi']",2024-11-11,1,https://www.vlr.gg/team/15072/2game-esports,gobera,111.776,Zap,,pryze,85.703,lz,83.555,spike,101.7285,silentzz,94.785
Xipto x Global Esports,GEXP,,,"['Kr1stal', 'kellyS', 'Papi', 'enerii', 'Alexy']",2024-12-13,5,https://www.vlr.gg/team/17068/xipto-x-global-esports,Kr1stal,,kellyS,,Papi,,enerii,,Alexy,,,
Evil Geniuses,EG,Americas,Tier 1,"['NaturE', 'Derrek', 'supamen', 'pho']",2024-10-25,1,https://www.vlr.gg/team/5248/evil-geniuses,NaturE,78.694,Derrek,98.2005,supamen,91.363,pho,,,,,
Exsto Gaming,EXG,,,"['SPARTA', 'AcZy', 'sommboiii', 'Spartabang', 'Rossi', 'Kyun']",2021-01-16,5,https://www.vlr.gg/team/2824/exsto-gaming,SPARTA,,AcZy,,sommboiii,,Spartabang,,Rossi,,Kyun,
FUT Esports,FUT,EMEA,Tier 1,"['MrFaliN', 'xeus', 'yetujey', 'AtaKaptan', 'cNed', 'qRaxs', 'Mol', 'sw4y']",2024-10-19,1,https://www.vlr.gg/team/1184/fut-esports,MrFaliN,101.20400000000001,xeus,121.99749999999999,yetujey,102.864,AtaKaptan,104.307,cNed,,qRaxs,90.626
Dreams To Legends,DTL,,,"['Squish', 'Bored', 'EMIYA', 'B1n', 'Mikey', 'NemuiZzZz']",2024-02-04,5,https://www.vlr.gg/team/14698/dreams-to-legends,Squish,,Bored,,EMIYA,,B1n,,Mikey,,NemuiZzZz,
Original Gaming,OG,,,"['saxx', 'Hansia', 'Kuro', '16Ch0ps', 'bobae']",Unknown,13,https://www.vlr.gg/team/15019/original-gaming,saxx,,Hansia,,Kuro,65.52850000000001,16Ch0ps,,bobae,,,
Reckoning Esports,RGE,,,"['123', 'kibojn', 'aplycs', 'Mojo', 'Deadly10', 'Garv', 'ghostxD', 'Megatron', 'Darkzero']",2024-11-19,1,https://www.vlr.gg/team/1033/reckoning-esports,123,87.2135,kibojn,,aplycs,66.5935,Mojo,53.7925,Deadly10,,Garv,
Team Liquid,TL,EMEA,Tier 1,"['nAts', 'paTiTek', 'kamyk', 'Keiko', 'kamo', 'Harmii', 'cauzed', 'yaotziN.']",2024-11-29,2,https://www.vlr.gg/team/474/team-liquid,nAts,,paTiTek,,kamyk,104.32,Keiko,,kamo,,Harmii,
Orangutan,OGS,,,"['Makaveli', 'Venka', 'deecee', 'Techno', 'hellff', 'Hoax', 'hacker']",2024-10-22,1,https://www.vlr.gg/team/8904/orangutan,Makaveli,,Venka,,deecee,,Techno,,hellff,,Hoax,
Blue Eyes White Dragon,BEWD,,,"['FinestQueue', 'Vuxqt', 'Migod', 'Storm', 'KhoiBeo', 'Pricckk']",Unknown,8,https://www.vlr.gg/team/16646/blue-eyes-white-dragon,FinestQueue,,Vuxqt,,Migod,,Storm,,KhoiBeo,,Pricckk,
Team Vitality,VIT,EMEA,Tier 1,"['Sayf', 'trexx', 'Derke', 'Kicks', 'Less', 'Bangovic', 'Mulgan95', 'marcus_askildsen', 'maLek']",2024-11-14,0,https://www.vlr.gg/team/2059/team-vitality,Sayf,,trexx,,Derke,,Kicks,,Less,,Bangovic,
All Gamers,AG,China,Tier 1,"['player', 'bunt', 'monk', 'deLb', 'Spitfires', 'K1ra', 'X3B', 'XiYiJi']",2024-10-30,1,https://www.vlr.gg/team/1119/all-gamers,player,,bunt,87.97,monk,,deLb,98.43,Spitfires,73.6,K1ra,
TUMT Shark,TUMT,,,"['Ethan', 'Saluat', 'popoman4Q', 'Croudy', 'Shu']",Unknown,15,https://www.vlr.gg/team/14629/tumt-shark,Ethan,85.52,Saluat,,popoman4Q,,Croudy,,Shu,,,
TALON,TLN,,,"['Crws', 'JitBoyS', 'primmie', 'ban', 'Governor', 'Surf', 'HeadHawk']",2024-10-08,1,https://www.vlr.gg/team/8304/talon,Crws,83.805,JitBoyS,89.2915,primmie,110.618,ban,87.1815,Governor,94.117,Surf,
Gen.G,GEN,Pacific,Tier 1,"['Munchkin', 'Foxy9', 't3xture', 'yoman', 'Karon', 'peri', 'HSK']",2024-12-18,0,https://www.vlr.gg/team/17/gen-g,Munchkin,102.65299999999999,Foxy9,85.13900000000001,t3xture,108.529,yoman,99.544,Karon,104.649,peri,
BITEKI,,,,"['OLDERGREG', 'Jiggy', 'Spirit', 'SplatGun', 'Jacyn', 'sHOW', 'ahk']",Unknown,7,https://www.vlr.gg/team/16648/biteki,OLDERGREG,,Jiggy,,Spirit,,SplatGun,,Jacyn,,sHOW,
BOOM Esports,BME,Indonesia,Tier 2,"['dos9', 'Famouz', 'Shiro', 'NcSlasher', 'BerserX', 'Owljan', 'Mycroft', '6fingers']",2024-10-27,1,https://www.vlr.gg/team/466/boom-esports,dos9,101.9915,Famouz,98.2855,Shiro,88.49199999999999,NcSlasher,79.08000000000001,BerserX,89.3105,Owljan,
Team Kira,KIRA,,,[],2024-06-06,0,https://www.vlr.gg/team/17079/team-kira,,,,,,,,,,,,
LEVIATÁN,LEV,Americas,Tier 1,"['kiNgg', 'Demon1', 'tex', 'C0M', 'nataNk', 'Daykiry', 'Desmo']",2024-12-13,0,https://www.vlr.gg/team/2359/leviat-n,kiNgg,,Demon1,112.315,tex,,C0M,85.6145,nataNk,,Daykiry,
Sentinels,SEN,Americas,Tier 1,"['johnqt', 'N4RRATE', 'bang', 'Zellsis', 'zekken', 'Reduxx', 'SicK', 'Zyto', 'Kez', 'GUNTER']",2024-10-18,0,https://www.vlr.gg/team/2/sentinels,johnqt,97.94200000000001,N4RRATE,111.61099999999999,bang,102.39800000000001,Zellsis,99.884,zekken,120.02799999999999,Reduxx,
Gentle Mates,M8,EMEA,Tier 1,"['K4DAVRA', 'RobbieBk', 'Minny', 'Zyppan', 'Click', 'Eternity', 'McJuankar', 'Placido']",2024-12-04,4,https://www.vlr.gg/team/12694/gentle-mates,K4DAVRA,,RobbieBk,90.91,Minny,89.14,Zyppan,101.95,Click,77.55,Eternity,
JiJieHao,JJH,Australia,Tier 2,"['Minimise', 'Dragon', 'LEW', 'IKANA', 'tixx', 'punda', 'Monka', 'Fadezis']",2024-11-04,1,https://www.vlr.gg/team/14469/jijiehao,Minimise,88.7775,Dragon,101.95049999999999,LEW,105.87,IKANA,81.745,tixx,90.9225,punda,
Team Secret,TS,Pacific,Tier 1,"['JessieVash', 'invy', 'Wild0reoo', '2ge', 'Jremy', 'yamyam yui']",2024-08-20,1,https://www.vlr.gg/team/6199/team-secret,JessieVash,,invy,,Wild0reoo,,2ge,,Jremy,,yamyam yui,
Dragon Ranger Gaming,DRG,China,Tier 1,"['Flex1n', 'nizhaoTZH', 'vo0kashu', 'Shion7', 'Cangshu', 'Nicc', 'TvirusLuke', 'SpiritZ1', 'Dingwei', 'LT']",2024-11-28,1,https://www.vlr.gg/team/11981/dragon-ranger-gaming,Flex1n,,nizhaoTZH,,vo0kashu,120.36,Shion7,,Cangshu,,Nicc,88.6
RIVAL,RVL,,,"['Antidote', 'DEATHMAKER', 'rawfiul', 'LeVi', 'azys', 'VictiM']",Unknown,6,https://www.vlr.gg/team/16986/rival,Antidote,,DEATHMAKER,,rawfiul,,LeVi,,azys,,VictiM,
Asterisk,AST,,,"['wAvE', 'River', 'YasH', 'rinsat', 'Icarus', 'Preature', 'Blu', 'meRadheya']",2024-11-24,1,https://www.vlr.gg/team/15685/asterisk,wAvE,,River,,YasH,,rinsat,,Icarus,,Preature,
FunPlus Phoenix,FPX,China,Tier 1,"['BerLIN', 'Autumn', 'Life', 'AAAAY', 'yosemite', '9hr', 'York']",2024-10-30,1,https://www.vlr.gg/team/11328/funplus-phoenix,BerLIN,81.22,Autumn,90.44399999999999,Life,110.16,AAAAY,93.4565,yosemite,93.77,9hr,
Veterans,VTR,,,"['Juzo Suzuya', 'Bumble', 'Brinicle', 'Maybe', 'SinS']",Unknown,21,https://www.vlr.gg/team/11517/veterans,Juzo Suzuya,,Bumble,,Brinicle,,Maybe,,SinS,,,
Paper Rex x Spotlight Series,PRX,,,"['something', 'f0rsakeN', 'Jinggg', 'Tara', 'Kohaibi']",2024-12-13,5,https://www.vlr.gg/team/17069/paper-rex-x-spotlight-series,something,,f0rsakeN,,Jinggg,,Tara,26.106,Kohaibi,,,
Nongshim RedForce,NS,Korea,Tier 2,"['Persia', 'Francis', 'margaret', 'Dambi', 'Ivy', 'Mobugi']",2024-11-26,10,https://www.vlr.gg/team/11060/nongshim-redforce,Persia,,Francis,,margaret,,Dambi,,Ivy,,Mobugi,
Team xclvsssyx,CLV,,,[],2024-06-06,0,https://www.vlr.gg/team/17072/team-xclvsssyx,,,,,,,,,,,,
Karmine Corp,KC,EMEA,Tier 1,"['saadhak', 'Avez', 'Elite', 'SUYGETSU', 'marteen', 'ZE1SH', 'fistie']",2024-11-25,2,https://www.vlr.gg/team/8877/karmine-corp,saadhak,89.9,Avez,101.27,Elite,111.58,SUYGETSU,99.7,marteen,113.67,ZE1SH,
New World Order,,,,"['Squish', 'Bored', 'EMIYA', 'B1n', 'Mikey']",Unknown,5,https://www.vlr.gg/team/16406/new-world-order,Squish,,Bored,,EMIYA,,B1n,,Mikey,,,
DetonatioN FocusMe,DFM,Pacific,Tier 1,"['Meiy', 'Art', 'Jinboong', 'Akame', 'gyen', 'SSeeS', 'Melofovia', 'NorthernLights']",2024-10-15,4,https://www.vlr.gg/team/278/detonation-focusme,Meiy,102.913,Art,91.321,Jinboong,93.257,Akame,95.539,gyen,,SSeeS,74.05
BBL Esports,BBL,EMEA,Tier 1,"['Jamppi', 'sociablEE', 'chiwa', 'PROFEK', 'LewN', 'da1moN', 'PAL']",2024-12-03,0,https://www.vlr.gg/team/397/bbl-esports,Jamppi,90.65899999999999,sociablEE,94.648,chiwa,82.9555,PROFEK,87.76650000000001,LewN,,da1moN,
ZETA DIVISION,ZETA,Pacific,Tier 1,"['Dep', 'SugarZ3ro', 'CLZ', 'SyouTa', 'Xdll', 'hiroronn', 'XQQ', 'Carlao']",2024-11-19,0,https://www.vlr.gg/team/5448/zeta-division,Dep,103.41,SugarZ3ro,89.33,CLZ,90.82,SyouTa,104.87,Xdll,85.74,hiroronn,
Team Heretics,TH,EMEA,Tier 1,"['Boo', 'MiniBoo', 'Wo0t', 'RieNs', 'benjyfishy', 'Niklas', 'weber', 'EsportsRyan']",2024-12-13,0,https://www.vlr.gg/team/1001/team-heretics,Boo,85.29,MiniBoo,96.67,Wo0t,110.18549999999999,RieNs,89.99,benjyfishy,90.71,Niklas,
Apeks,APK,Polaris,Tier 1,"['florescent', 'hype', 'MOLSI', 'AvovA', 'Leonieahh', 'oderus']",2024-12-09,0,https://www.vlr.gg/team/11479/apeks,florescent,55.53099999999999,hype,,MOLSI,112.81,AvovA,87.99,Leonieahh,,oderus,
DRX,,Pacific,Tier 1,"['Flashback', 'MaKo', 'Athan', 'freeing', 'HYUNMIN', 'glow', 'Argency']",2024-11-04,1,https://www.vlr.gg/team/8185/drx,Flashback,107.0695,MaKo,108.2825,Athan,89.44650000000001,freeing,96.51249999999999,HYUNMIN,100.6695,glow,
BC SWELL,BCS,Japan,Tier 2,"['Rem', 'Allen', 'Jan', 'sakura', 'Jerry', 'Jinbey']",2024-11-10,2,https://www.vlr.gg/team/11233/bc-swell,Rem,,Allen,73.8245,Jan,82.85499999999999,sakura,71.29599999999999,Jerry,,Jinbey,
ZETA DIVISION GC,ZETA.GC,Pacific,Game Changers,"['UR', 'SereNa', 'Moco', 'aco', 'suzu']",2024-12-18,1,https://www.vlr.gg/team/9315/zeta-division-gc,UR,30.0,SereNa,26.0325,Moco,33.546499999999995,aco,22.4345,suzu,30.973,,
EDward Gaming,EDG,China,Tier 1,"['nobody', 'S1Mon', 'ZmjjKK', 'CHICHOO', 'Smoggy', 'WoodAy1', 'Aqua', 'Century', 'JuiceFlip']",2024-10-19,1,https://www.vlr.gg/team/1120/edward-gaming,nobody,81.1785,S1Mon,79.233,ZmjjKK,125.51,CHICHOO,87.03550000000001,Smoggy,104.15,WoodAy1,
Level 5,L5,,,"['Lightningfast', 'tricky', 'Kohliii', 'Paradox', 'Russ']",Unknown,13,https://www.vlr.gg/team/913/level-5,Lightningfast,91.69,tricky,95.1845,Kohliii,,Paradox,77.231,Russ,79.98,,
Trace Esports,TE,China,Tier 1,"['LuoK1ng', 'Kai', 'FengF', 'heybay', 'Biank', 'Yiyee']",2024-06-11,2,https://www.vlr.gg/team/12685/trace-esports,LuoK1ng,88.98349999999999,Kai,90.26,FengF,101.82749999999999,heybay,67.08949999999999,Biank,73.5155,Yiyee,
Moist x Shopify,MxS,North America,Tier 2,"['BcJ', 'Pa1nt', 'Spaz', 'Paincakes', 'brawk', 'Connor Larkin', 'FIN']",2024-11-21,6,https://www.vlr.gg/team/13188/moist-x-shopify,BcJ,89.975,Pa1nt,,Spaz,100.9375,Paincakes,89.048,brawk,99.261,Connor Larkin,
Bilibili Gaming,BLG,China,Tier 1,"['B3ar', 'whzy', 'Levius', 'rushia', 'nephh', 'Knight', 'Robot', 'Jexen']",2024-10-31,1,https://www.vlr.gg/team/12010/bilibili-gaming,B3ar,,whzy,120.27600000000001,Levius,67.973,rushia,58.3165,nephh,103.459,Knight,90.757
TSM,,North America,Tier 2,"['seven', 'gMd', 'sym', 'tdawgg', 'XXiF', 'Recoil']",2024-11-28,1,https://www.vlr.gg/team/106/tsm,seven,95.93299999999999,gMd,90.16499999999999,sym,91.362,tdawgg,70.6045,XXiF,93.02250000000001,Recoil,
QoR,QOR,North America,Tier 2,"['ALEKSANDAR', 'nerve', 'snarly', 'Boni', 'Logan', 'SoupBerries', 'slow']",2024-11-19,5,https://www.vlr.gg/team/6985/qor,ALEKSANDAR,,nerve,88.4215,snarly,77.003,Boni,,Logan,,SoupBerries,
The Ultimates,TU,GCC,Tier 2,"['SpYzera', 'Fighter', 'KHaaLiD', 'Moh', 'Sand']",2024-12-11,1,https://www.vlr.gg/team/1458/the-ultimates,SpYzera,88.999,Fighter,69.991,KHaaLiD,77.91199999999999,Moh,96.2945,Sand,78.87800000000001,,
Qadsiah Esports,QAD,,,"['Flowy', 'Avvix', 'str1keR', 'Elixllo', 'rezy', 'Winteryrook']",2024-10-21,0,https://www.vlr.gg/team/16598/qadsiah-esports,Flowy,,Avvix,,str1keR,,Elixllo,,rezy,,Winteryrook,
MiBH,,,,"['Whimp', 'ezzy', 'vibhoRR', 'Yuvi', 'Excali']",Unknown,5,https://www.vlr.gg/team/13768/mibh,Whimp,,ezzy,,vibhoRR,,Yuvi,,Excali,,,
Team Sampphire,SAMP,,,[],2024-06-06,0,https://www.vlr.gg/team/17075/team-sampphire,,,,,,,,,,,,
DRAGONS,DRGN,GCC,Tier 2,"['iNaz', 'AL7B', 'k1Ng', 'Rayy', 'Sogeking', 'Darwin', 'a7med']",2024-07-12,6,https://www.vlr.gg/team/9437/dragons,iNaz,,AL7B,,k1Ng,82.1,Rayy,,Sogeking,,Darwin,
Team sol8erry,SOL,,,[],2024-06-06,0,https://www.vlr.gg/team/17071/team-sol8erry,,,,,,,,,,,,
LOUD,LOUD,Americas,Tier 1,"['dgzin', 'v1nny', 'pANcada', 'tuyz', 'cauanzin', 'mat']",2024-12-09,0,https://www.vlr.gg/team/6961/loud,dgzin,98.291,v1nny,,pANcada,,tuyz,,cauanzin,,mat,
Turtle Troop,TTR,North America,Tier 2,"['wedid', 'jowa', 'bdog', 'Kaoticcc']",2024-12-03,1,https://www.vlr.gg/team/11836/turtle-troop,wedid,85.48400000000001,jowa,,bdog,91.201,Kaoticcc,,,,,
MIBR,,Americas,Tier 1,"['artzin', 'xenom', 'cortezia', 'nzr', 'aspas', 'chivitz']",2024-11-27,1,https://www.vlr.gg/team/7386/mibr,artzin,,xenom,,cortezia,,nzr,,aspas,,chivitz,
Wolves Esports,WOL,China,Tier 1,"['SiuFatBB', 'V1yA', 'Yuicaw', 'Spring', 'Lysoar', 'Juicy', 'Simple']",2024-11-25,1,https://www.vlr.gg/team/13790/wolves-esports,SiuFatBB,108.21,V1yA,,Yuicaw,96.69,Spring,121.42,Lysoar,73.93,Juicy,
Alter Ego,AE,Indonesia,Tier 2,"['ValdyN', 'Nakya', 'Cud', 'ray4c', 'gotten', 'Whyphy', 'roseau']",2024-10-10,1,https://www.vlr.gg/team/1110/alter-ego,ValdyN,73.39750000000001,Nakya,80.504,Cud,73.376,ray4c,69.353,gotten,78.3035,Whyphy,
Disguised,DSG,MA/Sing,Tier 2,"['Vera', 'STYRON', 'crazyguy', 'Deryeon', 'wayne', 'Kasake']",2024-11-06,4,https://www.vlr.gg/team/14773/disguised,Vera,,STYRON,79.93199999999999,crazyguy,105.4085,Deryeon,93.908,wayne,90.495,Kasake,
SaD Esports,SAD,North America,Tier 2/CVal,"['dip', 'Dark3st', 'benjii', 'furbsa']",2024-11-25,2,https://www.vlr.gg/team/13920/sad-esports,dip,88.8615,Dark3st,93.372,benjii,,furbsa,,,,,
Team Elzira,ELZ,,,[],2024-06-06,0,https://www.vlr.gg/team/17073/team-elzira,,,,,,,,,,,,
KOI,,EMEA,Tier 1,"['flyuh', 'grubinho', 'sheydos', 'Filu', 'soulcas', 'Noizeeh', 'temoc', 'Bambino']",2024-11-07,4,https://www.vlr.gg/team/7035/koi,flyuh,78.97,grubinho,93.16,sheydos,115.16,Filu,106.86,soulcas,91.91,Noizeeh,
Next Gen,NXG,,,"['Zauqk', 'Sinaway', 'FETA', 'BigE', 'Sinaway', 'Eno']",2024-11-29,2,https://www.vlr.gg/team/11947/next-gen,Zauqk,74.4145,Sinaway,76.079,FETA,85.61,BigE,72.2625,Sinaway,76.079,Eno,
Team Flash,FPT,,,"['Mihlog', 'bucute', 'K1LLERS', 'ting2k5', 'alyaL', 'd0rf']",2024-10-21,1,https://www.vlr.gg/team/14277/team-flash,Mihlog,,bucute,,K1LLERS,,ting2k5,,alyaL,,d0rf,
Nightblood Gaming,NBG,North America,Tier 3,"['FireBallOps', 'Kess', 'alym', 'HUYNH', 'sogo', 'AlphaFly']",2024-01-04,2,https://www.vlr.gg/team/5601/nightblood-gaming,FireBallOps,,Kess,,alym,,HUYNH,,sogo,,AlphaFly,
100 Thieves,100T,Americas,Tier 1,"['Boostio', 'zander', 'Cryocells', 'eeiu', 'Asuna', 'Rudi', 'frenya']",2024-11-05,0,https://www.vlr.gg/team/120/100-thieves,Boostio,91.68,zander,83.84,Cryocells,118.66,eeiu,,Asuna,,Rudi,
YFP Gaming,YFP,North America,Tier 2,"['fiziq', 'jakee', 'stellar', 'penny', 'thief']",2024-11-19,3,https://www.vlr.gg/team/5038/yfp-gaming,fiziq,79.36699999999999,jakee,91.107,stellar,83.81049999999999,penny,93.0205,thief,91.231,,
Team yanxinng,YX,,,[],2024-06-06,0,https://www.vlr.gg/team/17074/team-yanxinng,,,,,,,,,,,,
All Gamers Young,AGY,,,['BugattiVeyron'],Unknown,1,https://www.vlr.gg/team/17097/all-gamers-young,BugattiVeyron,,,,,,,,,,,
Ambrosia,AMB,North America,Tier 2,"['Kyu', 'smiley', 'ScrewFace', 'acrian', 'satellite']",2023-03-11,0,https://www.vlr.gg/team/11963/ambrosia,Kyu,63.04249999999999,smiley,58.264,ScrewFace,76.2955,acrian,52.024,satellite,96.5005,,
Global Esports,GE,Pacific,Tier 1,"['patrickWHO', 'UdoTan', 'Kr1stal', 'kellyS', 'Papi', 'HellrangeR', 'Vatsal', 'Elevated', 'taeri']",2024-11-13,0,https://www.vlr.gg/team/918/global-esports,patrickWHO,101.9385,UdoTan,,Kr1stal,,kellyS,83.63199999999999,Papi,83.599,HellrangeR,
Ambitious Legend Gaming GC,ALG.GC,China,Game Changers,"['Yusin', 'JinNy', 'Muffyn', 'Laiyin', '1hp', 'Cudi']",Unknown,5,https://www.vlr.gg/team/16468/ambitious-legend-gaming-gc,Yusin,49.52,JinNy,28.37,Muffyn,36.09,Laiyin,,1hp,,Cudi,
Team Falcons Vega,FLCV,EMEA,Game Changers,"['madv', 'Toki', 'eva', 'Sandra', 'Mary', 'xsvri', 'F00lz']",2024-10-09,1,https://www.vlr.gg/team/9314/team-falcons-vega,madv,36.995000000000005,Toki,34.315000000000005,eva,35.27,Sandra,,Mary,35.7425,xsvri,
Shopify Rebellion,SR,North America GC,Game Changers,"['meL', 'alexis', 'Noia', 'sarahcat', 'lyka']",2024-12-01,1,https://www.vlr.gg/team/14278/shopify-rebellion,meL,30.840500000000002,alexis,28.6545,Noia,34.662499999999994,sarahcat,32.683,lyka,,,
G2 Gozen,G2.G,EMEA,Game Changers,"['mimi', 'rezq', 'amy', 'Vania', 'Petra', 'Tibalt']",2024-05-17,1,https://www.vlr.gg/team/6530/g2-gozen,mimi,35.4405,rezq,30.7765,amy,32.4435,Vania,39.6605,Petra,39.891999999999996,Tibalt,
GIANTX GC,GX.GC,EMEA,Game Changers,"['ness', 'Smurfette', 'Joliinaa', 'sarah', 'Miyori']",2024-12-09,1,https://www.vlr.gg/team/15119/giantx-gc,ness,33.841,Smurfette,32.6025,Joliinaa,36.13,sarah,29.199499999999997,Miyori,28.4935,,
FlyQuest RED,FLY.R,North America GC,Game Changers,"['theia', 'evv', 'sonder', 'StarBound', 'dodonut', 'Jovi', 'KingFred']",2024-10-14,1,https://www.vlr.gg/team/6456/flyquest-red,theia,24.715,evv,30.506500000000003,sonder,29.912999999999997,StarBound,38.51349999999999,dodonut,39.697500000000005,Jovi,
Xipto Esports,XIP,Pacific,Game Changers,"['Alexy', 'enerii', 'Kamiyu', 'Colbat']",2024-12-02,1,https://www.vlr.gg/team/15317/xipto-esports,Alexy,38.762,enerii,39.432,Kamiyu,32.4985,Colbat,,,,,
KRÜ BLAZE,KRÜ.B,Americas,Game Changers,"['dods', 'conir', 'micaela', 'biazik', 'romily', 'Puleule']",2024-12-09,0,https://www.vlr.gg/team/7511/kr-blaze,dods,37.5115,conir,39.1715,micaela,34.4435,biazik,31.378,romily,33.589999999999996,Puleule,
MIBR GC,MIBR.GC,Americas,Game Changers,"['srN', 'sayuri', 'Jelly', 'Mel', 'jubs', 'Marlow']",2024-01-16,5,https://www.vlr.gg/team/8050/mibr-gc,srN,43.4895,sayuri,29.748,Jelly,35.2995,Mel,29.071,jubs,24.4405,Marlow,
mesos millionaires,MESO,North America GC,Game Changers,"['edith', 'Slandy', 'TeddyIsFluffy', 'Aniemal', 'habibti', 'Sabine']",2024-07-26,0,https://www.vlr.gg/team/14722/mesos-millionaires,edith,,Slandy,26.06,TeddyIsFluffy,,Aniemal,22.037,habibti,,Sabine,
Refrag,RF,North America GC,Game Changers,"['mili', 'maryna', 'Kazler', 'riv']",2024-08-06,2,https://www.vlr.gg/team/16279/refrag,mili,31.0,maryna,,Kazler,30.24,riv,,,,,
Teddy Tactics,TDY,North America GC,Game Changers,"['oranges', 'venus', 'aria', 'Raven', 'calsushi']",Unknown,19,https://www.vlr.gg/team/10915/teddy-tactics,oranges,24.12,venus,27.427,aria,,Raven,35.4505,calsushi,33.215999999999994,,
YFP X,,North America GC,Game Changers,"['marceline', 'k0rupt', 'melya', 'Elab0rate', 'Nora', 'Crook']",2024-05-26,0,https://www.vlr.gg/team/13301/yfp-x,marceline,,k0rupt,,melya,,Elab0rate,,Nora,29.167,Crook,
Elation Vortex,EV,North America GC,Game Changers,"['Gia', 'Celeste', 'WIRE', 'Hyungwonho', 'aurelia', 'may', 'Moelandblue']",Unknown,6,https://www.vlr.gg/team/16498/elation-vortex,Gia,20.058999999999997,Celeste,,WIRE,38.5215,Hyungwonho,20.3035,aurelia,,may,
oomfies,,North America GC,Game Changers,"['terror', 'panday', 'avery', 'SUPERKAT', 'karie']",Unknown,9,https://www.vlr.gg/team/16019/oomfies,terror,,panday,,avery,34.836,SUPERKAT,,karie,37.147499999999994,,
Reformed GC,RF.GC,,,"['mili', 'riv', 'misu', 'Kazler', 'Relic']",2024-03-12,0,https://www.vlr.gg/team/15312/reformed-gc,mili,,riv,,misu,,Kazler,,Relic,,,
floppers,FLOP,,,"['rise', 'bunnybee', 'avery']",Unknown,7,https://www.vlr.gg/team/15796/floppers,rise,,bunnybee,,avery,,,,,,,
Passion Project,PP,,,"['lazylion', 'unstable']",2024-06-18,1,https://www.vlr.gg/team/14718/passion-project,lazylion,,unstable,,,,,,,,,
Solstice,SOL,,,"['marceline', 'Elab0rate', 'melya', 'Nora', 'Haru', 'tora']",Unknown,9,https://www.vlr.gg/team/15442/solstice,marceline,,Elab0rate,,melya,,Nora,,Haru,,tora,
