team,abbrevation,region,tier,players,last_change,changes,url
Trust In Plug,PLUG,,,"['monSi', 'Teague', 'mikeE', 'Jerrwin', 'bao']",2024-11-16,5,https://www.vlr.gg/team/16898/trust-in-plug
GIANTX,GX,EMEA,Tier 1,"['Cloud', 'purp0', 'runneR', 'westside', 'tomaszy', 'Hehnal', 'wayLander']",2024-11-26,3,https://www.vlr.gg/team/14419/giantx
esports team αD,ADV,,,"['abu', 'niki', 'Han', 'EscO', 'Kyuanyami', '61ue', 'kokuya', 'Savilax', 'YuRelly', 'kuro5']",2024-11-27,2,https://www.vlr.gg/team/14677/esports-team-d
CREST GAMING Zst,CGZ,Japan,Tier 2,"['Brofeld', 'bazz', 'KEN', 'Kapi', 'sakurai', 'NeruFi']",2024-10-23,1,https://www.vlr.gg/team/294/crest-gaming-zst
Trust In Plug,PLUG,,,"['monSi', 'Teague', 'mikeE', 'Jerrwin', 'bao']",2024-11-16,5,https://www.vlr.gg/team/16898/trust-in-plug
GIANTX,GX,EMEA,Tier 1,"['Cloud', 'purp0', 'runneR', 'westside', 'tomaszy', 'Hehnal', 'wayLander']",2024-11-26,3,https://www.vlr.gg/team/14419/giantx
esports team αD,ADV,,,"['abu', 'niki', 'Han', 'EscO', 'Kyuanyami', '61ue', 'kokuya', 'Savilax', 'YuRelly', 'kuro5']",2024-11-27,2,https://www.vlr.gg/team/14677/esports-team-d
CREST GAMING Zst,CGZ,Japan,Tier 2,"['Brofeld', 'bazz', 'KEN', 'Kapi', 'sakurai', 'NeruFi']",2024-10-23,1,https://www.vlr.gg/team/294/crest-gaming-zst
Stacked Like Pancakes,,,,"['제리zzzz', 'clutchyy', 'MACHEEW', 'KhenZy', 'meli', 'Jrfobb', 'Murdoch']",Unknown,9,https://www.vlr.gg/team/16022/stacked-like-pancakes
LAZY,,,,"['BMV', 'moefcute', 'Akashi', 'Louboutin', 'Hyzee']",Unknown,19,https://www.vlr.gg/team/11275/lazy
Mogo eSports,MOGO,,,"['LeVi', 'azys', 'DEATHMAKER', 'Antidote', 'rawfiul', 'VictiM']",Unknown,22,https://www.vlr.gg/team/14768/mogo-esports
Trust In Plug,PLUG,,,"['monSi', 'Teague', 'mikeE', 'Jerrwin', 'bao']",2024-11-16,5,https://www.vlr.gg/team/16898/trust-in-plug
GIANTX,GX,EMEA,Tier 1,"['Cloud', 'purp0', 'runneR', 'westside', 'tomaszy', 'Hehnal', 'wayLander']",2024-11-26,3,https://www.vlr.gg/team/14419/giantx
esports team αD,ADV,,,"['abu', 'niki', 'Han', 'EscO', 'Kyuanyami', '61ue', 'kokuya', 'Savilax', 'YuRelly', 'kuro5']",2024-11-27,2,https://www.vlr.gg/team/14677/esports-team-d
CREST GAMING Zst,CGZ,Japan,Tier 2,"['Brofeld', 'bazz', 'KEN', 'Kapi', 'sakurai', 'NeruFi']",2024-10-23,1,https://www.vlr.gg/team/294/crest-gaming-zst
Stacked Like Pancakes,,,,"['제리zzzz', 'clutchyy', 'MACHEEW', 'KhenZy', 'meli', 'Jrfobb', 'Murdoch']",Unknown,9,https://www.vlr.gg/team/16022/stacked-like-pancakes
LAZY,,,,"['BMV', 'moefcute', 'Akashi', 'Louboutin', 'Hyzee']",Unknown,19,https://www.vlr.gg/team/11275/lazy
Mogo eSports,MOGO,,,"['LeVi', 'azys', 'DEATHMAKER', 'Antidote', 'rawfiul', 'VictiM']",Unknown,22,https://www.vlr.gg/team/14768/mogo-esports
Team Rotib4kar,ROTI,,,[],2024-06-06,0,https://www.vlr.gg/team/17076/team-rotib4kar
Team Jeicchu,JEIC,,,[],2024-06-06,0,https://www.vlr.gg/team/17084/team-jeicchu
T1,,Pacific,Tier 1,"['stax', 'Meteor', 'Sylvan', 'BuZz', 'iZu', 'carpe', 'Norman', 'CheongGak', 'Indigo']",2024-10-15,2,https://www.vlr.gg/team/14/t1
Cloud9,C9,Americas,Tier 1,"['mitch', 'Xeppaa', 'v1c', 'OXY', 'moose', 'Immi', 'GUGLi']",2024-12-12,1,https://www.vlr.gg/team/188/cloud9
Natus Vincere,NAVI,EMEA,Tier 1,"['ANGE1', 'Shao', 'Ruxic', 'hiro', 'koalanoob', 'Zuzanna', 'Xirreth']",2024-12-14,1,https://www.vlr.gg/team/4915/natus-vincere
ZOL Esports,ZOL,Philippines,Tier 2,"['PatMen', 'ZYND', 'jEEE', 'Kakarot', 'Kevzii', 'JCL']",2024-10-09,1,https://www.vlr.gg/team/8375/zol-esports
Rex Regum Qeon,RRQ,Pacific,Tier 1,"['Estrella', 'Monyet', 'xffero', 'Jemkin', 'Kushy', 'Kiyawnz', 'Warbirds']",2024-10-10,1,https://www.vlr.gg/team/878/rex-regum-qeon
Unsigned5,U5,MA/Sing,Tier 2,"['Fixy', 'Riza', 'Flaring', 'markL', 'Iceyyy', 'Skeltzy']",Unknown,7,https://www.vlr.gg/team/16592/unsigned5
Team ESOTERIC,ESO,,,[],2024-06-06,0,https://www.vlr.gg/team/17070/team-esoteric
Team CombatBaby,COMB,,,[],2024-06-06,0,https://www.vlr.gg/team/17083/team-combatbaby
Cubert Academy,CUBE,,,['Reduxx'],2024-12-12,1,https://www.vlr.gg/team/16899/cubert-academy
Xi Lai Gaming,XLG,China,Tier 1,"['Rarga', 'happywei', 'MrCANI', 'MarT1n', 'coconut', 'YOU', 'ZiXuan']",2024-12-05,1,https://www.vlr.gg/team/13581/xi-lai-gaming
RIDDLE ORDER,RID,Japan,Tier 2,"['JoXJo', 'Minty', 'Caedye', 'Seoldam', 'yatsuka', 'Vorz', 'Virullent']",2024-11-12,1,https://www.vlr.gg/team/14375/riddle-order
BLUE BEES.ESP,BB,,,"['keisu', 'Lafura', 'Zan', 'e9Lair', 'kenmohororo']",2024-11-22,1,https://www.vlr.gg/team/2108/blue-bees-esp
NRG Esports,NRG,Americas,Tier 1,"['FiNESSE', 's0m', 'Verno', 'mada', 'Ethan', 'Ry', 'Strong']",2024-10-22,0,https://www.vlr.gg/team/1034/nrg-esports
club penguin,,,,"['Huntr', 'pyua', 'fusion', 'repo', 'Zetik', 'oj', 'Mundy', 'wodz']",2024-04-26,1,https://www.vlr.gg/team/10305/club-penguin
CNEsports,CNE,,,"['GANGAZI', 'OneStep', 'kobra', 'JooHyung', 'BENECIA']",Unknown,35,https://www.vlr.gg/team/1132/cnesports
KRÜ Esports,KRÜ,Americas,Tier 1,"['Melser', 'keznit', 'Mazino', 'adverso', 'mta', 'Shyy', 'ddx', 'Nyogen']",2024-11-06,2,https://www.vlr.gg/team/2355/kr-esports
NOEZ FOXX,NFX,,,"['BlackWiz', 'Esperanza', 'thiefy', 'marin', 'eKo', 'barce', 'Try', '2zzy']",2024-11-29,0,https://www.vlr.gg/team/14383/noez-foxx
Tiny Turtle Squad,TTS,,,"['R3gen', 'NOVAE', 'BREW', 'gon', 'WisdomCats', 'Zeo']",Unknown,8,https://www.vlr.gg/team/15644/tiny-turtle-squad
Unicorn Cyber Esports,UNC,,,"['Ketzai', 'QuinT', 'X1nh', 'prettyMy', 'KeA', 'Creamm']",2024-05-21,1,https://www.vlr.gg/team/15806/unicorn-cyber-esports
TYLOO,TYL,China,Tier 1,"['Ninebody', 'coldfish', 'hfmi0dzjc9z7', 'Eren', 'fc4t', 'slk']",2024-10-29,1,https://www.vlr.gg/team/731/tyloo
G2 Esports,G2,Americas,Tier 1,"['valyn', 'jawgemo', 'trent', 'JonahP', 'leaf', 'Seowulf', 'shhhack']",2024-10-07,1,https://www.vlr.gg/team/11058/g2-esports
Randoms,RAND,,,"['Curvezy', 'Kakashiii', 'Planko', 'Mythical', 'Monokuma', 'Astin', 'Nikuu']",Unknown,7,https://www.vlr.gg/team/37/randoms
Titan Esports Club,TEC,China,Tier 1,"['AC', 'Haodong', 'Abo', 'kawaii', 'Rb', 'B1ack', 'Gazero', 'AfteR']",2024-11-17,1,https://www.vlr.gg/team/14137/titan-esports-club
Team beejaayyy,BJAY,,,[],2024-06-06,0,https://www.vlr.gg/team/17085/team-beejaayyy
RANKERS,RANK,North America,Tier 3,"['P0PPIN', 'Eggsterr', 'nightz', 'Inspire', 'canezera']",Unknown,5,https://www.vlr.gg/team/16806/rankers
Team NKT Academy,NKT.A,,,"['ArPoom', 'socools0da', 'Vickyz', 'D4rf', 'LoRangeZ', 'w1zard']",Unknown,5,https://www.vlr.gg/team/16858/team-nkt-academy
Team JoshF,JOSH,,,[],2024-06-06,0,https://www.vlr.gg/team/17080/team-joshf
True Rippers,TRS,,,"['Ri0', 'Marcai', 'BatmaN', 'R0meo', 'WAT', 'RvK', 'Ransom', 'EzioSMC']",2024-09-26,6,https://www.vlr.gg/team/4733/true-rippers
Nova Esports,NOVA,China,Tier 1,"['o0o0o', 'OBONE', 'SWERL', 'CB', 'Ezeir', 'GuanG', 'fore']",2024-06-11,2,https://www.vlr.gg/team/12064/nova-esports
Team Cece,CECE,,,[],2024-06-06,0,https://www.vlr.gg/team/17078/team-cece
IGZIST,IGZ,,,"['RIPablo', 'popogachi', 'Yamada', 'oitaN', 'Frxeez', 'EROC']",2024-11-19,0,https://www.vlr.gg/team/6869/igzist
DRX Changers,DRX.C,,,"['Healing', 'lucky', 'Dia', 'YOME', 'Ache', 'YuRiHaNa', 'fAwn', 'juri']",2024-12-16,2,https://www.vlr.gg/team/10113/drx-changers
APAY Academy,APAY.AC,,,"['Tuna', 'Lightning', 'Fin', 'Jose1', 'Dylan', 'シガレット', 'Yatoo', 'LOVE']",Unknown,8,https://www.vlr.gg/team/16928/apay-academy
Paper Rex,PRX,Pacific,Tier 1,"['mindfreak', 'Jinggg', 'f0rsakeN', 'd4v41', 'something', 'JdFaker', 'alecks', 'Listi']",2024-09-11,0,https://www.vlr.gg/team/624/paper-rex
FURIA,FUR,Americas,Tier 1,"['raafa', 'heat', 'mwzera', 'havoc', 'Khalil', 'lukzera']",2024-12-09,2,https://www.vlr.gg/team/2406/furia
FNATIC,FNC,EMEA,Tier 1,"['Boaster', 'crashies', 'kaajak', 'Chronicle', 'Alfajer', 'Leo', 'CoJo', 'Milan']",2024-12-14,0,https://www.vlr.gg/team/2593/fnatic
DUPG Esports,DUPG,,,"['karam1l', 'HyBr1D', 'AceStaRRRRR', 'Envy2K', 'Disease', 'Scouser']",2024-10-15,1,https://www.vlr.gg/team/13364/dupg-esports
Chaos Alliance,CA,,,"['Blue', 'ckuma', 'Uta', 'CHAK']",Unknown,4,https://www.vlr.gg/team/17096/chaos-alliance
JDG Esports,JDG,China,Tier 1,"['YHchen', 'stew', 'Viva', 'jkuro', 'Z1yan', 'sword9', 'YiHao', 'Jayce', 'hypnotizing']",2024-10-28,0,https://www.vlr.gg/team/13576/jdg-esports
Team Poupi,POUP,,,[],2024-06-06,0,https://www.vlr.gg/team/17077/team-poupi
Delight,DLTT,,,"['Luca', 'Chay', 'g4ll', 'R1va', 'flora', 'Dhimoruto', 'sieg']",2024-12-13,1,https://www.vlr.gg/team/15596/delight
Team Micera,MCR,,,[],2024-06-06,0,https://www.vlr.gg/team/17081/team-micera
Team Coldan,COLD,,,[],2024-06-06,0,https://www.vlr.gg/team/17082/team-coldan
BABO,,,,"['YoWamu', 'Ask', 'Ady', 'kurozooted', 'Dan', 'ScoPe', 'shoushi']",2024-11-11,0,https://www.vlr.gg/team/16242/babo
Onyx Ravens,OXR,MENA,Tier 2,"['AlMtRoOo3', 'Srx', 'waleed', 'Kuro', 'ACHRF', 'zMART', 'STK']",2024-08-04,1,https://www.vlr.gg/team/6159/onyx-ravens
Team Big BAAM,BAAM,,,"['NT2k', 'LilHieu', 'nTK', 'P1nA', 'KimHung2k5']",2023-07-03,6,https://www.vlr.gg/team/5931/team-big-baam
2Game Esports,2G,Brazil,Tier 1,"['gobera', 'Zap', 'pryze', 'lz', 'spike', 'silentzz', 'Yushi']",2024-11-11,1,https://www.vlr.gg/team/15072/2game-esports
Xipto x Global Esports,GEXP,,,"['Kr1stal', 'kellyS', 'Papi', 'enerii', 'Alexy']",2024-12-13,5,https://www.vlr.gg/team/17068/xipto-x-global-esports
Evil Geniuses,EG,Americas,Tier 1,"['NaturE', 'Derrek', 'supamen', 'pho']",2024-10-25,1,https://www.vlr.gg/team/5248/evil-geniuses
Exsto Gaming,EXG,,,"['SPARTA', 'AcZy', 'sommboiii', 'Spartabang', 'Rossi', 'Kyun']",2021-01-16,5,https://www.vlr.gg/team/2824/exsto-gaming
FUT Esports,FUT,EMEA,Tier 1,"['MrFaliN', 'xeus', 'yetujey', 'AtaKaptan', 'cNed', 'qRaxs', 'Mol', 'sw4y']",2024-10-19,1,https://www.vlr.gg/team/1184/fut-esports
Dreams To Legends,DTL,,,"['Squish', 'Bored', 'EMIYA', 'B1n', 'Mikey', 'NemuiZzZz']",2024-02-04,5,https://www.vlr.gg/team/14698/dreams-to-legends
Original Gaming,OG,,,"['saxx', 'Hansia', 'Kuro', '16Ch0ps', 'bobae']",Unknown,13,https://www.vlr.gg/team/15019/original-gaming
Reckoning Esports,RGE,,,"['123', 'kibojn', 'aplycs', 'Mojo', 'Deadly10', 'Garv', 'ghostxD', 'Megatron', 'Darkzero']",2024-11-19,1,https://www.vlr.gg/team/1033/reckoning-esports
Team Liquid,TL,EMEA,Tier 1,"['nAts', 'paTiTek', 'kamyk', 'Keiko', 'kamo', 'Harmii', 'cauzed', 'yaotziN.']",2024-11-29,2,https://www.vlr.gg/team/474/team-liquid
Orangutan,OGS,,,"['Makaveli', 'Venka', 'deecee', 'Techno', 'hellff', 'Hoax', 'hacker']",2024-10-22,1,https://www.vlr.gg/team/8904/orangutan
Blue Eyes White Dragon,BEWD,,,"['FinestQueue', 'Vuxqt', 'Migod', 'Storm', 'KhoiBeo', 'Pricckk']",Unknown,8,https://www.vlr.gg/team/16646/blue-eyes-white-dragon
Team Vitality,VIT,EMEA,Tier 1,"['Sayf', 'trexx', 'Derke', 'Kicks', 'Less', 'Bangovic', 'Mulgan95', 'marcus_askildsen', 'maLek']",2024-11-14,0,https://www.vlr.gg/team/2059/team-vitality
All Gamers,AG,China,Tier 1,"['player', 'bunt', 'monk', 'deLb', 'Spitfires', 'K1ra', 'X3B', 'XiYiJi']",2024-10-30,1,https://www.vlr.gg/team/1119/all-gamers
TUMT Shark,TUMT,,,"['Ethan', 'Saluat', 'popoman4Q', 'Croudy', 'Shu']",Unknown,15,https://www.vlr.gg/team/14629/tumt-shark
TALON,TLN,,,"['Crws', 'JitBoyS', 'primmie', 'ban', 'Governor', 'Surf', 'HeadHawk']",2024-10-08,1,https://www.vlr.gg/team/8304/talon
Gen.G,GEN,Pacific,Tier 1,"['Munchkin', 'Foxy9', 't3xture', 'yoman', 'Karon', 'peri', 'HSK']",2024-12-18,0,https://www.vlr.gg/team/17/gen-g
BITEKI,,,,"['OLDERGREG', 'Jiggy', 'Spirit', 'SplatGun', 'Jacyn', 'sHOW', 'ahk']",Unknown,7,https://www.vlr.gg/team/16648/biteki
BOOM Esports,BME,Indonesia,Tier 2,"['dos9', 'Famouz', 'Shiro', 'NcSlasher', 'BerserX', 'Owljan', 'Mycroft', '6fingers']",2024-10-27,1,https://www.vlr.gg/team/466/boom-esports
Team Kira,KIRA,,,[],2024-06-06,0,https://www.vlr.gg/team/17079/team-kira
LEVIATÁN,LEV,Americas,Tier 1,"['kiNgg', 'Demon1', 'tex', 'C0M', 'nataNk', 'Daykiry', 'Desmo']",2024-12-13,0,https://www.vlr.gg/team/2359/leviat-n
Sentinels,SEN,Americas,Tier 1,"['johnqt', 'N4RRATE', 'bang', 'Zellsis', 'zekken', 'Reduxx', 'SicK', 'Zyto', 'Kez', 'GUNTER']",2024-10-18,0,https://www.vlr.gg/team/2/sentinels
Gentle Mates,M8,EMEA,Tier 1,"['K4DAVRA', 'RobbieBk', 'Minny', 'Zyppan', 'Click', 'Eternity', 'McJuankar', 'Placido']",2024-12-04,4,https://www.vlr.gg/team/12694/gentle-mates
JiJieHao,JJH,Australia,Tier 2,"['Minimise', 'Dragon', 'LEW', 'IKANA', 'tixx', 'punda', 'Monka', 'Fadezis']",2024-11-04,1,https://www.vlr.gg/team/14469/jijiehao
Team Secret,TS,Pacific,Tier 1,"['JessieVash', 'invy', 'Wild0reoo', '2ge', 'Jremy', 'yamyam yui']",2024-08-20,1,https://www.vlr.gg/team/6199/team-secret
Dragon Ranger Gaming,DRG,China,Tier 1,"['Flex1n', 'nizhaoTZH', 'vo0kashu', 'Shion7', 'Cangshu', 'Nicc', 'TvirusLuke', 'SpiritZ1', 'Dingwei', 'LT']",2024-11-28,1,https://www.vlr.gg/team/11981/dragon-ranger-gaming
RIVAL,RVL,,,"['Antidote', 'DEATHMAKER', 'rawfiul', 'LeVi', 'azys', 'VictiM']",Unknown,6,https://www.vlr.gg/team/16986/rival
Asterisk,AST,,,"['wAvE', 'River', 'YasH', 'rinsat', 'Icarus', 'Preature', 'Blu', 'meRadheya']",2024-11-24,1,https://www.vlr.gg/team/15685/asterisk
FunPlus Phoenix,FPX,China,Tier 1,"['BerLIN', 'Autumn', 'Life', 'AAAAY', 'yosemite', '9hr', 'York']",2024-10-30,1,https://www.vlr.gg/team/11328/funplus-phoenix
Veterans,VTR,,,"['Juzo Suzuya', 'Bumble', 'Brinicle', 'Maybe', 'SinS']",Unknown,21,https://www.vlr.gg/team/11517/veterans
Paper Rex x Spotlight Series,PRX,,,"['something', 'f0rsakeN', 'Jinggg', 'Tara', 'Kohaibi']",2024-12-13,5,https://www.vlr.gg/team/17069/paper-rex-x-spotlight-series
Nongshim RedForce,NS,Korea,Tier 2,"['Persia', 'Francis', 'margaret', 'Dambi', 'Ivy', 'Mobugi']",2024-11-26,10,https://www.vlr.gg/team/11060/nongshim-redforce
Team xclvsssyx,CLV,,,[],2024-06-06,0,https://www.vlr.gg/team/17072/team-xclvsssyx
Karmine Corp,KC,EMEA,Tier 1,"['saadhak', 'Avez', 'Elite', 'SUYGETSU', 'marteen', 'ZE1SH', 'fistie']",2024-11-25,2,https://www.vlr.gg/team/8877/karmine-corp
New World Order,,,,"['Squish', 'Bored', 'EMIYA', 'B1n', 'Mikey']",Unknown,5,https://www.vlr.gg/team/16406/new-world-order
DetonatioN FocusMe,DFM,Pacific,Tier 1,"['Meiy', 'Art', 'Jinboong', 'Akame', 'gyen', 'SSeeS', 'Melofovia', 'NorthernLights']",2024-10-15,4,https://www.vlr.gg/team/278/detonation-focusme
BBL Esports,BBL,EMEA,Tier 1,"['Jamppi', 'sociablEE', 'chiwa', 'PROFEK', 'LewN', 'da1moN', 'PAL']",2024-12-03,0,https://www.vlr.gg/team/397/bbl-esports
ZETA DIVISION,ZETA,Pacific,Tier 1,"['Dep', 'SugarZ3ro', 'CLZ', 'SyouTa', 'Xdll', 'hiroronn', 'XQQ', 'Carlao']",2024-11-19,0,https://www.vlr.gg/team/5448/zeta-division
Team Heretics,TH,EMEA,Tier 1,"['Boo', 'MiniBoo', 'Wo0t', 'RieNs', 'benjyfishy', 'Niklas', 'weber', 'EsportsRyan']",2024-12-13,0,https://www.vlr.gg/team/1001/team-heretics
Apeks,APK,Polaris,Tier 1,"['florescent', 'hype', 'MOLSI', 'AvovA', 'Leonieahh', 'oderus']",2024-12-09,0,https://www.vlr.gg/team/11479/apeks
DRX,,Pacific,Tier 1,"['Flashback', 'MaKo', 'Athan', 'freeing', 'HYUNMIN', 'glow', 'Argency']",2024-11-04,1,https://www.vlr.gg/team/8185/drx
BC SWELL,BCS,Japan,Tier 2,"['Rem', 'Allen', 'Jan', 'sakura', 'Jerry', 'Jinbey']",2024-11-10,2,https://www.vlr.gg/team/11233/bc-swell
ZETA DIVISION GC,ZETA.GC,Pacific,Game Changers,"['UR', 'SereNa', 'Moco', 'aco', 'suzu']",2024-12-18,1,https://www.vlr.gg/team/9315/zeta-division-gc
EDward Gaming,EDG,China,Tier 1,"['nobody', 'S1Mon', 'ZmjjKK', 'CHICHOO', 'Smoggy', 'WoodAy1', 'Aqua', 'Century', 'JuiceFlip']",2024-10-19,1,https://www.vlr.gg/team/1120/edward-gaming
Level 5,L5,,,"['Lightningfast', 'tricky', 'Kohliii', 'Paradox', 'Russ']",Unknown,13,https://www.vlr.gg/team/913/level-5
Trace Esports,TE,China,Tier 1,"['LuoK1ng', 'Kai', 'FengF', 'heybay', 'Biank', 'Yiyee']",2024-06-11,2,https://www.vlr.gg/team/12685/trace-esports
Moist x Shopify,MxS,North America,Tier 2,"['BcJ', 'Pa1nt', 'Spaz', 'Paincakes', 'brawk', 'Connor Larkin', 'FIN']",2024-11-21,6,https://www.vlr.gg/team/13188/moist-x-shopify
Bilibili Gaming,BLG,China,Tier 1,"['B3ar', 'whzy', 'Levius', 'rushia', 'nephh', 'Knight', 'Robot', 'Jexen']",2024-10-31,1,https://www.vlr.gg/team/12010/bilibili-gaming
TSM,,North America,Tier 2,"['seven', 'gMd', 'sym', 'tdawgg', 'XXiF', 'Recoil']",2024-11-28,1,https://www.vlr.gg/team/106/tsm
QoR,QOR,North America,Tier 2,"['ALEKSANDAR', 'nerve', 'snarly', 'Boni', 'Logan', 'SoupBerries', 'slow']",2024-11-19,5,https://www.vlr.gg/team/6985/qor
The Ultimates,TU,GCC,Tier 2,"['SpYzera', 'Fighter', 'KHaaLiD', 'Moh', 'Sand']",2024-12-11,1,https://www.vlr.gg/team/1458/the-ultimates
Qadsiah Esports,QAD,,,"['Flowy', 'Avvix', 'str1keR', 'Elixllo', 'rezy', 'Winteryrook']",2024-10-21,0,https://www.vlr.gg/team/16598/qadsiah-esports
MiBH,,,,"['Whimp', 'ezzy', 'vibhoRR', 'Yuvi', 'Excali']",Unknown,5,https://www.vlr.gg/team/13768/mibh
Team Sampphire,SAMP,,,[],2024-06-06,0,https://www.vlr.gg/team/17075/team-sampphire
DRAGONS,DRGN,GCC,Tier 2,"['iNaz', 'AL7B', 'k1Ng', 'Rayy', 'Sogeking', 'Darwin', 'a7med']",2024-07-12,6,https://www.vlr.gg/team/9437/dragons
Team sol8erry,SOL,,,[],2024-06-06,0,https://www.vlr.gg/team/17071/team-sol8erry
LOUD,LOUD,Americas,Tier 1,"['dgzin', 'v1nny', 'pANcada', 'tuyz', 'cauanzin', 'mat']",2024-12-09,0,https://www.vlr.gg/team/6961/loud
Turtle Troop,TTR,North America,Tier 2,"['wedid', 'jowa', 'bdog', 'Kaoticcc']",2024-12-03,1,https://www.vlr.gg/team/11836/turtle-troop
MIBR,,Americas,Tier 1,"['artzin', 'xenom', 'cortezia', 'nzr', 'aspas', 'chivitz']",2024-11-27,1,https://www.vlr.gg/team/7386/mibr
Wolves Esports,WOL,China,Tier 1,"['SiuFatBB', 'V1yA', 'Yuicaw', 'Spring', 'Lysoar', 'Juicy', 'Simple']",2024-11-25,1,https://www.vlr.gg/team/13790/wolves-esports
Alter Ego,AE,Indonesia,Tier 2,"['ValdyN', 'Nakya', 'Cud', 'ray4c', 'gotten', 'Whyphy', 'roseau']",2024-10-10,1,https://www.vlr.gg/team/1110/alter-ego
Disguised,DSG,MA/Sing,Tier 2,"['Vera', 'STYRON', 'crazyguy', 'Deryeon', 'wayne', 'Kasake']",2024-11-06,4,https://www.vlr.gg/team/14773/disguised
SaD Esports,SAD,North America,Tier 2/CVal,"['dip', 'Dark3st', 'benjii', 'furbsa']",2024-11-25,2,https://www.vlr.gg/team/13920/sad-esports
Team Elzira,ELZ,,,[],2024-06-06,0,https://www.vlr.gg/team/17073/team-elzira
KOI,,EMEA,Tier 1,"['flyuh', 'grubinho', 'sheydos', 'Filu', 'soulcas', 'Noizeeh', 'temoc', 'Bambino']",2024-11-07,4,https://www.vlr.gg/team/7035/koi
Next Gen,NXG,,,"['Zauqk', 'Sinaway', 'FETA', 'BigE', 'Sinaway', 'Eno']",2024-11-29,2,https://www.vlr.gg/team/11947/next-gen
Team Flash,FPT,,,"['Mihlog', 'bucute', 'K1LLERS', 'ting2k5', 'alyaL', 'd0rf']",2024-10-21,1,https://www.vlr.gg/team/14277/team-flash
Nightblood Gaming,NBG,North America,Tier 3,"['FireBallOps', 'Kess', 'alym', 'HUYNH', 'sogo', 'AlphaFly']",2024-01-04,2,https://www.vlr.gg/team/5601/nightblood-gaming
100 Thieves,100T,Americas,Tier 1,"['Boostio', 'zander', 'Cryocells', 'eeiu', 'Asuna', 'Rudi', 'frenya']",2024-11-05,0,https://www.vlr.gg/team/120/100-thieves
YFP Gaming,YFP,North America,Tier 2,"['fiziq', 'jakee', 'stellar', 'penny', 'thief']",2024-11-19,3,https://www.vlr.gg/team/5038/yfp-gaming
Team yanxinng,YX,,,[],2024-06-06,0,https://www.vlr.gg/team/17074/team-yanxinng
All Gamers Young,AGY,,,['BugattiVeyron'],Unknown,1,https://www.vlr.gg/team/17097/all-gamers-young
Ambrosia,AMB,North America,Tier 2,"['Kyu', 'smiley', 'ScrewFace', 'acrian', 'satellite']",2023-03-11,0,https://www.vlr.gg/team/11963/ambrosia
Global Esports,GE,Pacific,Tier 1,"['patrickWHO', 'UdoTan', 'Kr1stal', 'kellyS', 'Papi', 'HellrangeR', 'Vatsal', 'Elevated', 'taeri']",2024-11-13,0,https://www.vlr.gg/team/918/global-esports
Ambitious Legend Gaming GC,ALG.GC,China,Game Changers,"['Yusin', 'JinNy', 'Muffyn', 'Laiyin', '1hp', 'Cudi']",Unknown,5,https://www.vlr.gg/team/16468/ambitious-legend-gaming-gc
Team Falcons Vega,FLCV,EMEA,Game Changers,"['madv', 'Toki', 'eva', 'Sandra', 'Mary', 'xsvri', 'F00lz']",2024-10-09,1,https://www.vlr.gg/team/9314/team-falcons-vega
Shopify Rebellion,SR,North America GC,Game Changers,"['meL', 'alexis', 'Noia', 'sarahcat', 'lyka']",2024-12-01,1,https://www.vlr.gg/team/14278/shopify-rebellion
G2 Gozen,G2.G,EMEA,Game Changers,"['mimi', 'rezq', 'amy', 'Vania', 'Petra', 'Tibalt']",2024-05-17,1,https://www.vlr.gg/team/6530/g2-gozen
GIANTX GC,GX.GC,EMEA,Game Changers,"['ness', 'Smurfette', 'Joliinaa', 'sarah', 'Miyori']",2024-12-09,1,https://www.vlr.gg/team/15119/giantx-gc
FlyQuest RED,FLY.R,North America GC,Game Changers,"['theia', 'evv', 'sonder', 'StarBound', 'dodonut', 'Jovi', 'KingFred']",2024-10-14,1,https://www.vlr.gg/team/6456/flyquest-red
Xipto Esports,XIP,Pacific,Game Changers,"['Alexy', 'enerii', 'Kamiyu', 'Colbat']",2024-12-02,1,https://www.vlr.gg/team/15317/xipto-esports
KRÜ BLAZE,KRÜ.B,Americas,Game Changers,"['dods', 'conir', 'micaela', 'biazik', 'romily', 'Puleule']",2024-12-09,0,https://www.vlr.gg/team/7511/kr-blaze
MIBR GC,MIBR.GC,Americas,Game Changers,"['srN', 'sayuri', 'Jelly', 'Mel', 'jubs', 'Marlow']",2024-01-16,5,https://www.vlr.gg/team/8050/mibr-gc
mesos millionaires,MESO,North America GC,Game Changers,"['edith', 'Slandy', 'TeddyIsFluffy', 'Aniemal', 'habibti', 'Sabine']",2024-07-26,0,https://www.vlr.gg/team/14722/mesos-millionaires
Refrag,RF,North America GC,Game Changers,"['mili', 'maryna', 'Kazler', 'riv']",2024-08-06,2,https://www.vlr.gg/team/16279/refrag
Teddy Tactics,TDY,North America GC,Game Changers,"['oranges', 'venus', 'aria', 'Raven', 'calsushi']",Unknown,19,https://www.vlr.gg/team/10915/teddy-tactics
YFP X,,North America GC,Game Changers,"['marceline', 'k0rupt', 'melya', 'Elab0rate', 'Nora', 'Crook']",2024-05-26,0,https://www.vlr.gg/team/13301/yfp-x
Elation Vortex,EV,North America GC,Game Changers,"['Gia', 'Celeste', 'WIRE', 'Hyungwonho', 'aurelia', 'may', 'Moelandblue']",Unknown,6,https://www.vlr.gg/team/16498/elation-vortex
oomfies,,North America GC,Game Changers,"['terror', 'panday', 'avery', 'SUPERKAT', 'karie']",Unknown,9,https://www.vlr.gg/team/16019/oomfies
Reformed GC,RF.GC,,,"['mili', 'riv', 'misu', 'Kazler', 'Relic']",2024-03-12,0,https://www.vlr.gg/team/15312/reformed-gc
floppers,FLOP,,,"['rise', 'bunnybee', 'avery']",Unknown,7,https://www.vlr.gg/team/15796/floppers
Passion Project,PP,,,"['lazylion', 'unstable']",2024-06-18,1,https://www.vlr.gg/team/14718/passion-project
Solstice,SOL,,,"['marceline', 'Elab0rate', 'melya', 'Nora', 'Haru', 'tora']",Unknown,9,https://www.vlr.gg/team/15442/solstice
INHS Yining,INHS,,,"['PRX something', 'LEV Demon1', 'lSAGI', 'f0rsakeN', 'PangXinXin', 'FATZHAI']",Unknown,6,https://www.vlr.gg/team/17106/inhs-yining
CSU,,,,"['Haby', 'Noelowo', '沒心情', 'Bulang', 'rzk']",Unknown,11,https://www.vlr.gg/team/14628/csu
理科純情男高,,,,"['103', 'hdx', '羊了個揚', 'Evann', 'Dodekethon']",Unknown,5,https://www.vlr.gg/team/17103/
Oblivion Force,OF,Hong Kong,Tier 2,"['riyabtw', 'CHIMEI', 'Kiuuuu']",2024-11-04,1,https://www.vlr.gg/team/3108/oblivion-force
Orquestra Do Maestro,ODM,Brazil,Tier 2,"['ntk', 'Kenkayyy', 'maestr0', 'forbanz', 'woddy', 'jvsz']",2024-02-06,5,https://www.vlr.gg/team/15074/orquestra-do-maestro
Evil Samurai,,,,"['zeRo', 'XiaoYu', 'KiNN', '1yee1wee1yee1wee', 'Beishang1019']",Unknown,5,https://www.vlr.gg/team/17117/evil-samurai
MIBR Academy,MIBR.AC,,,[],2024-06-06,0,https://www.vlr.gg/team/16606/mibr-academy
Corinthians Esports,SCCP,,,[],2024-06-06,0,https://www.vlr.gg/team/17127/corinthians-esports
2G Esports Academy,2G.AC,,,[],2024-06-06,0,https://www.vlr.gg/team/17095/2g-esports-academy
VNU Esports,VNU,,,"['Anc1enT', 'T1ankong', 'huawei1016', 'ONLY', 'XmA']",Unknown,13,https://www.vlr.gg/team/11319/vnu-esports
LP33,LP33,,,"['yTao', 'maou', '0n1y', '1111111 Fu', 'Bosheng']",Unknown,31,https://www.vlr.gg/team/3490/lp33
STU樹德暴風樹,STU,,,"['YuFan', 'Zhe', 'TianDi', 'Dio', 'MAKIMA']",Unknown,5,https://www.vlr.gg/team/17110/stu
FURIA Academy,FUR.AC,,,[],2024-06-06,0,https://www.vlr.gg/team/17094/furia-academy
Niflheimr,NI,,,"['Esuki', 'LoNe1y', 'tungyao', 'Sushi0421', '斗鱼丶阿肆']",Unknown,5,https://www.vlr.gg/team/17114/niflheimr
Young Warriors,YW,,,"['KaneKizz', 'Ord1nary', 'LoNglOnG', 'DonDon', 'R1abb']",Unknown,5,https://www.vlr.gg/team/17108/young-warriors
吳恩熙瓜汁,,,,"['PuzzDn', 'X1ao3oヅ', 'Lone1y', 'XUAN', '吳恩希']",Unknown,5,https://www.vlr.gg/team/17123/
Fancy United Esports,FCY,Vietnam,Tier 2,"['YESicaN', 'foxy', 'Crus', 'Hyuse', 'tok1o', 'Nia', 'twilight']",2024-11-24,1,https://www.vlr.gg/team/4330/fancy-united-esports
101 Outlaws,101,,,"['Pure', 'Gu1', 'Ju', 'Jww', 'Boli']",Unknown,5,https://www.vlr.gg/team/17105/101-outlaws
姊姊壞了我好愛,,,,"['xdd', '姊姊好壞我好愛', 'Teddy', '命运不配做我的对手', 'glacier']",Unknown,5,https://www.vlr.gg/team/17109/
Hungkuang Falcon,HKUF,,,"['GunterR', 'Unhappy', 'Yoyoman', 'Dizzy', 'Tsanyu', 'k41zE']",Unknown,18,https://www.vlr.gg/team/8929/hungkuang-falcon
把牛變成鱒魚,,,,"['FYRR73', 'YanLi', 'Ra1ny', '桃園奈々生', 'ChiaWei', 'GoodSon']",Unknown,6,https://www.vlr.gg/team/17126/
TBK Esports,TBK,Brazil,Tier 2,"['vit9ine', 'desire', 'Needy', 'Champzera', 'Myssen', 'Tato']",2024-10-11,1,https://www.vlr.gg/team/6946/tbk-esports
FOP,FOP,,,"['Neko', '강아지', 'YouKnow', 'Aimlab132K', 's5hao', 'YcC']",Unknown,6,https://www.vlr.gg/team/17112/fop
RED Canids,RED,Brazil,Tier 2,"['Jway', 'glym', 'Saalped']",2024-11-30,1,https://www.vlr.gg/team/1124/red-canids
Jester Circus,,,,"['Laser', 'bluexuan', 'BengYan', '1 miss her', 'vulgar']",Unknown,5,https://www.vlr.gg/team/17125/jester-circus
Stellae Gaming,STE,Brazil,Tier 2,"['guuih', 'bezn1', 'Siduzord', 'phc', 'DGX']",2024-12-21,1,https://www.vlr.gg/team/10727/stellae-gaming
SAGAZ,SGZ,Brazil,Tier 2,"['turkish', 'str0nda', 'HiiiK', 'rodd', 'TORONTO']",2024-05-21,1,https://www.vlr.gg/team/13683/sagaz
Be Man,,,,"['N11', 'Azazel', 'who am i', 'SooT1', 'Selin']",Unknown,5,https://www.vlr.gg/team/17122/be-man
Rapid Lofi,RLF,Vietnam,Tier 2,"['TRIPCIEW', 'albus', 'Pr0digy', 'Suka', 'gin', 'DaFt', 'Nethenoob', 'viness', 'Jay']",2024-11-28,1,https://www.vlr.gg/team/11276/rapid-lofi
你媽買菜必漲價,,,,"['IceFeaTheR', '吧噗的狗汪汪', '天安門第一坦克手', '我期待的不是雪而是有你的冬天', 'QUQUQUQUQ']",Unknown,5,https://www.vlr.gg/team/17124/
HKUF,HKUF,,,"['失败总是贯彻人生始终', 'PuFF', 'SGe', 'KaiSeN', 'R4t']",Unknown,5,https://www.vlr.gg/team/17115/hkuf
The MongolZ,MGLZ,Mongolia,Tier 2,"['consz', 'SkyIsBlue', 'MnFeaR', 'CXIX666', 'nex1SphiX']",2024-12-10,0,https://www.vlr.gg/team/15237/the-mongolz
momo親子台,MOMO,,,"['BMoMoツ', 'SMoMoツ', 'FMoMoツ', 'CMoMoツ', 'RMoMoツ']",Unknown,5,https://www.vlr.gg/team/17104/momo
ZFE,ZFE,,,"['MINJU', 'Milktea', 'LumiQQ', 'Behappy', 'X1ngX1nG']",Unknown,5,https://www.vlr.gg/team/17111/zfe
Galorys,GLRS,Brazil,Tier 2,"['prozin', 'RgLMeister', 'Urango', 'lukxo', 'Sato', 'DRAGziKW', 'shaW']",2024-11-16,1,https://www.vlr.gg/team/10755/galorys
LANDODGERS,,,,"['solo88', 'X1aoMa0', 'Melancholy', 'Pony', 'Teddy']",Unknown,5,https://www.vlr.gg/team/17118/landodgers
IHC Esports,IHC,,,[],2024-06-06,0,https://www.vlr.gg/team/17129/ihc-esports
TWA,,,,"['妳知道雞米花的花語是什麼嗎', 'xzzcat', 'OrcaZZ', '明日花', 'CIC']",Unknown,5,https://www.vlr.gg/team/17119/twa
GOOD BOY,,,,"['Setrod', 'Owen', 'uuuuuuuuuuuuuuuu', 'rAb1q', 'Nastiness', 'Au1oek']",Unknown,6,https://www.vlr.gg/team/17116/good-boy
S2 Esports,S2,,,"['MiLuan', 'moon', 'Ankara', 'zhen', 'Murphy']",Unknown,15,https://www.vlr.gg/team/8303/s2-esports
MYDunWaaAChu,,,,"['以为我挽留你结局就会改变', '魔法貓咪', 'Aaashire', '我拥有钢铁般的意志', 'John weak']",Unknown,5,https://www.vlr.gg/team/17113/mydunwaaachu
PR0NETS,NET,,,"['swag', 'GuhRVN', 'Leozin', 'jzz', 'Zanatsu', 'vkzinn']",Unknown,5,https://www.vlr.gg/team/16605/pr0nets
Grêmio Esports,GRE,Brazil,Tier 3,"['guiih9', 'Tiezzi', 'basic', 'above', 'peixeh', 'lucks', 'Juan', 'depppx', 'LB']",2024-11-29,2,https://www.vlr.gg/team/16154/gr-mio-esports
來送幸福的,,,,"['MOMO', 'SHIMANO DURA ACE', 'XiaoQ', 'bento', 'Dttoツ']",Unknown,5,https://www.vlr.gg/team/17121/
Daojiang Husky,DJT,,,"['Ya0yU1', 'TouXi', 'V1ncy', 'XiaoXu', 'HenB1N']",Unknown,5,https://www.vlr.gg/team/17120/daojiang-husky
TotalePRO,TOT,,,"['Ginilson', 'bruninej', 'Loweed', 'RND', 'duhT']",Unknown,19,https://www.vlr.gg/team/8532/totalepro
ROA Esport,ROA,,,"['XiaoFeng', 'QueYa', 'Zhannn', 'Lock1ng', 'yZkA1']",Unknown,27,https://www.vlr.gg/team/10592/roa-esport
TUMT Orcinus,TUMT.OR,,,"['Nightmare', 'Yii', 'xiaoxia', 'MiuMiuKK', 'Spectre', 'Nightmare']",Unknown,14,https://www.vlr.gg/team/14627/tumt-orcinus
OCU,,,,"['Bak1', 'QiaoEn', 'YungEn', 'SumeeLunai', 'aimbot', 'HanJi']",Unknown,8,https://www.vlr.gg/team/14624/ocu
