Player,Team,Rating,ACS,KD,ADR,KAST,KPR,APR,FKPR,FDPR,Total_Rounds_Played,url,tier_m,region_m
abu,esports team αD,0.811,149.542,0.754,98.834,0.689,0.542,0.342,0.06,0.058,292.0,https://www.vlr.gg/player/49679/abu?timespan=90d,0.955,0.84
niki,esports team αD,0.936,181.508,0.875,124.845,0.662,0.623,0.303,0.069,0.084,588.0,https://www.vlr.gg/player/43066/niki?timespan=90d,0.955,0.84
Han,esports team αD,1.067,205.041,1.064,139.253,0.715,0.737,0.241,0.068,0.044,588.0,https://www.vlr.gg/player/34825/han?timespan=90d,0.955,0.84
EscO,esports team αD,0.999,218.651,1.048,141.537,0.663,0.775,0.159,0.199,0.169,588.0,https://www.vlr.gg/player/27458/esco?timespan=90d,0.955,0.84
Kyuanyami,esports team αD,0.87,168.3,0.85,109.1,0.67,0.59,0.36,0.05,0.03,138.0,https://www.vlr.gg/player/49238/kyuanyami?timespan=90d,,
YuRelly,esports team αD,0.733,153.456,0.695,97.019,0.662,0.526,0.282,0.055,0.105,158.0,https://www.vlr.gg/player/12930/yurelly?timespan=90d,0.978,0.92
kuro5,esports team αD,0.76,169.0,0.69,105.8,0.63,0.58,0.32,0.11,0.05,19.0,https://www.vlr.gg/player/48496/kuro5?timespan=90d,,
Brofeld,CREST GAMING Zst,0.997,185.44,1.05,123.77,0.728,0.691,0.202,0.084,0.073,759.0,https://www.vlr.gg/player/2400/brofeld?timespan=90d,0.97,0.893
bazz,CREST GAMING Zst,1.068,219.467,1.134,144.266,0.75,0.784,0.355,0.095,0.111,759.0,https://www.vlr.gg/player/6702/bazz?timespan=90d,0.97,0.892
KEN,CREST GAMING Zst,1.168,244.662,1.172,165.212,0.735,0.807,0.318,0.192,0.126,740.0,https://www.vlr.gg/player/45962/ken?timespan=90d,0.978,0.926
Kapi,CREST GAMING Zst,0.983,185.593,0.998,122.049,0.749,0.667,0.326,0.062,0.066,740.0,https://www.vlr.gg/player/40736/kapi?timespan=90d,0.978,0.92
sakurai,CREST GAMING Zst,1.067,201.959,1.082,131.865,0.747,0.729,0.367,0.1,0.094,740.0,https://www.vlr.gg/player/1009/sakurai?timespan=90d,0.973,0.904
BMV,LAZY,1.066,197.796,1.151,128.813,0.732,0.733,0.275,0.077,0.076,566.0,https://www.vlr.gg/player/2440/bmv?timespan=90d,,
moefcute,LAZY,1.242,277.84,1.312,177.074,0.717,0.971,0.19,0.213,0.164,841.0,https://www.vlr.gg/player/14228/moefcute?timespan=90d,,
Akashi,LAZY,0.888,162.451,0.837,111.347,0.711,0.565,0.329,0.046,0.08,799.0,https://www.vlr.gg/player/3908/akashi?timespan=90d,,
Louboutin,LAZY,1.081,214.037,1.108,138.834,0.748,0.748,0.288,0.094,0.076,841.0,https://www.vlr.gg/player/23041/louboutin?timespan=90d,,
Hyzee,LAZY,1.078,212.563,1.072,141.263,0.755,0.763,0.417,0.102,0.068,371.0,https://www.vlr.gg/player/1433/hyzee?timespan=90d,0.955,0.825
LeVi,RIVAL,1.05,188.886,1.066,124.769,0.746,0.666,0.34,0.067,0.068,986.0,https://www.vlr.gg/player/18704/levi?timespan=90d,,
azys,RIVAL,1.339,290.288,1.512,182.089,0.74,1.034,0.208,0.21,0.126,986.0,https://www.vlr.gg/player/13221/azys?timespan=90d,1.0,1.0
DEATHMAKER,RIVAL,1.108,210.222,1.203,142.271,0.725,0.751,0.224,0.089,0.087,986.0,https://www.vlr.gg/player/3628/deathmaker?timespan=90d,1.0,1.0
Antidote,RIVAL,0.937,165.661,0.964,107.16,0.734,0.582,0.377,0.056,0.072,963.0,https://www.vlr.gg/player/3269/antidote?timespan=90d,1.0,1.0
rawfiul,RIVAL,1.103,220.798,1.223,147.38,0.749,0.793,0.223,0.125,0.1,986.0,https://www.vlr.gg/player/12947/rawfiul?timespan=90d,1.0,1.0
VictiM,RIVAL,1.13,211.0,1.21,135.3,0.7,0.74,0.26,0.04,0.04,23.0,https://www.vlr.gg/player/43426/victim?timespan=90d,,
mitch,Cloud9,0.907,167.659,0.838,114.783,0.699,0.56,0.45,0.075,0.09,204.0,https://www.vlr.gg/player/612/mitch?timespan=90d,0.959,0.947
Xeppaa,Cloud9,1.056,209.941,1.091,133.544,0.766,0.751,0.455,0.071,0.089,427.0,https://www.vlr.gg/player/7871/xeppaa?timespan=90d,0.996,0.994
v1c,Cloud9,1.024,180.936,0.978,118.009,0.756,0.631,0.493,0.064,0.07,600.0,https://www.vlr.gg/player/17433/v1c?timespan=90d,0.848,0.97
OXY,Cloud9,1.181,269.944,1.247,170.545,0.744,0.933,0.21,0.243,0.182,600.0,https://www.vlr.gg/player/18796/oxy?timespan=90d,0.917,0.992
moose,Cloud9,0.918,158.991,0.944,105.518,0.697,0.572,0.233,0.053,0.085,600.0,https://www.vlr.gg/player/7458/moose?timespan=90d,0.887,0.995
hiro,Natus Vincere,0.711,148.405,0.617,102.37,0.498,0.499,0.134,0.083,0.067,74.0,https://www.vlr.gg/player/29867/hiro?timespan=90d,1.0,1.0
PatMen,ZOL Esports,1.194,265.41,1.251,174.829,0.77,0.948,0.255,0.235,0.186,468.0,https://www.vlr.gg/player/13744/patmen?timespan=90d,0.955,0.825
ZYND,ZOL Esports,1.0,201.735,1.04,131.94,0.683,0.722,0.198,0.102,0.106,503.0,https://www.vlr.gg/player/16953/zynd?timespan=90d,0.955,0.825
jEEE,ZOL Esports,0.966,183.719,0.947,122.4,0.764,0.653,0.358,0.055,0.059,503.0,https://www.vlr.gg/player/21677/jeee?timespan=90d,0.955,0.825
Kakarot,ZOL Esports,0.932,177.504,0.857,116.52,0.712,0.592,0.411,0.058,0.061,431.0,https://www.vlr.gg/player/9737/kakarot?timespan=90d,0.955,0.825
Kevzii,ZOL Esports,1.186,215.948,1.164,150.125,0.728,0.765,0.267,0.094,0.053,503.0,https://www.vlr.gg/player/7746/kevzii?timespan=90d,0.955,0.802
JCL,ZOL Esports,0.835,154.604,0.709,95.5,0.78,0.498,0.706,0.027,0.067,72.0,https://www.vlr.gg/player/42331/jcl?timespan=90d,,
Fixy,Unsigned5,1.006,249.781,1.109,159.649,0.684,0.865,0.164,0.199,0.201,396.0,https://www.vlr.gg/player/45876/fixy?timespan=90d,0.955,0.825
Riza,Unsigned5,1.213,237.777,1.302,154.57,0.78,0.857,0.284,0.107,0.08,396.0,https://www.vlr.gg/player/7443/riza?timespan=90d,0.955,0.825
Flaring,Unsigned5,1.078,190.695,1.163,124.385,0.759,0.692,0.4,0.051,0.051,396.0,https://www.vlr.gg/player/5886/flaring?timespan=90d,0.955,0.825
markL,Unsigned5,0.995,187.386,1.05,127.14,0.702,0.678,0.232,0.088,0.08,396.0,https://www.vlr.gg/player/7513/markl?timespan=90d,0.955,0.802
Iceyyy,Unsigned5,1.472,328.9,1.626,198.56,0.775,1.176,0.253,0.274,0.126,40.0,https://www.vlr.gg/player/46046/iceyyy?timespan=90d,0.955,0.825
JoXJo,RIDDLE ORDER,1.021,192.506,0.956,130.236,0.75,0.627,0.55,0.092,0.057,333.0,https://www.vlr.gg/player/4663/joxjo?timespan=90d,0.968,0.884
Minty,RIDDLE ORDER,1.092,198.608,1.182,128.928,0.772,0.709,0.346,0.099,0.075,249.0,https://www.vlr.gg/player/5476/minty?timespan=90d,0.966,0.878
Caedye,RIDDLE ORDER,1.131,245.114,1.249,156.365,0.726,0.839,0.265,0.137,0.093,333.0,https://www.vlr.gg/player/29841/caedye?timespan=90d,0.978,0.916
Seoldam,RIDDLE ORDER,1.222,272.617,1.432,162.644,0.739,0.976,0.182,0.207,0.138,333.0,https://www.vlr.gg/player/10584/seoldam?timespan=90d,0.993,0.974
yatsuka,RIDDLE ORDER,1.06,172.489,1.183,117.912,0.71,0.651,0.268,0.052,0.059,333.0,https://www.vlr.gg/player/29843/yatsuka?timespan=90d,0.978,0.916
keisu,BLUE BEES.ESP,0.916,214.998,0.953,137.589,0.634,0.739,0.17,0.155,0.243,288.0,https://www.vlr.gg/player/49681/keisu?timespan=90d,0.955,0.84
Lafura,BLUE BEES.ESP,1.011,216.957,1.063,147.229,0.66,0.767,0.208,0.11,0.092,329.0,https://www.vlr.gg/player/32823/lafura?timespan=90d,0.955,0.84
Zan,BLUE BEES.ESP,0.925,182.222,0.824,116.347,0.692,0.629,0.526,0.092,0.101,288.0,https://www.vlr.gg/player/17091/zan?timespan=90d,0.955,0.84
e9Lair,BLUE BEES.ESP,0.945,171.111,1.047,117.083,0.689,0.591,0.289,0.054,0.056,425.0,https://www.vlr.gg/player/34705/e9lair?timespan=90d,0.955,0.84
kenmohororo,BLUE BEES.ESP,1.022,195.296,0.984,125.332,0.707,0.672,0.402,0.088,0.052,425.0,https://www.vlr.gg/player/2508/kenmohororo?timespan=90d,0.966,0.88
GANGAZI,CNEsports,0.89,182.598,0.846,120.903,0.712,0.641,0.234,0.052,0.095,186.0,https://www.vlr.gg/player/4650/gangazi?timespan=90d,,
kobra,CNEsports,0.955,226.486,0.953,145.135,0.696,0.785,0.181,0.199,0.166,153.0,https://www.vlr.gg/player/4563/kobra?timespan=90d,0.955,0.84
Melser,KRÜ Esports,1.122,191.43,1.2,122.779,0.737,0.692,0.275,0.125,0.047,189.0,https://www.vlr.gg/player/1311/melser?timespan=90d,1.0,0.998
keznit,KRÜ Esports,1.188,229.751,1.213,153.878,0.725,0.812,0.196,0.21,0.129,189.0,https://www.vlr.gg/player/2462/keznit?timespan=90d,1.0,0.998
Mazino,KRÜ Esports,1.19,211.73,1.233,138.681,0.726,0.792,0.473,0.088,0.068,189.0,https://www.vlr.gg/player/7603/mazino?timespan=90d,1.0,0.998
adverso,KRÜ Esports,0.853,175.81,0.848,114.025,0.69,0.594,0.295,0.095,0.101,189.0,https://www.vlr.gg/player/3826/adverso?timespan=90d,0.991,0.926
Shyy,KRÜ Esports,0.95,176.2,0.95,116.0,0.76,0.61,0.26,0.06,0.07,189.0,https://www.vlr.gg/player/24007/shyy?timespan=90d,1.0,0.998
Ketzai,Unicorn Cyber Esports,0.808,180.6,0.817,116.951,0.641,0.608,0.243,0.1,0.142,672.0,https://www.vlr.gg/player/49584/ketzai?timespan=90d,,
QuinT,Unicorn Cyber Esports,0.98,169.645,0.898,117.429,0.703,0.607,0.397,0.044,0.059,707.0,https://www.vlr.gg/player/49565/quint?timespan=90d,,
X1nh,Unicorn Cyber Esports,0.935,215.004,0.946,139.393,0.665,0.75,0.225,0.16,0.157,707.0,https://www.vlr.gg/player/49566/x1nh?timespan=90d,,
prettyMy,Unicorn Cyber Esports,0.842,175.714,0.671,116.966,0.659,0.575,0.401,0.0,0.089,35.0,https://www.vlr.gg/player/49567/prettymy?timespan=90d,,
KeA,Unicorn Cyber Esports,1.073,200.725,1.049,131.197,0.726,0.719,0.324,0.057,0.045,707.0,https://www.vlr.gg/player/8165/kea?timespan=90d,0.955,0.825
Creamm,Unicorn Cyber Esports,0.969,222.076,0.979,145.473,0.653,0.746,0.195,0.123,0.13,707.0,https://www.vlr.gg/player/49564/creamm?timespan=90d,,
Sunshine,TYLOO,0.0,0.0,0.0,0.0,0.0,0.0,0.0,0.0,0.0,0.0,https://www.vlr.gg/player/14453/sunshine?timespan=90d,0.0,0.0
Curvezy,Randoms,0.585,134.343,0.617,88.891,0.539,0.46,0.257,0.0,0.117,35.0,https://www.vlr.gg/player/49878/curvezy?timespan=90d,,
Kakashiii,Randoms,1.029,228.762,1.027,156.176,0.701,0.777,0.276,0.113,0.119,416.0,https://www.vlr.gg/player/33039/kakashiii?timespan=90d,0.955,0.76
Planko,Randoms,0.834,182.788,0.833,119.123,0.647,0.64,0.216,0.061,0.103,416.0,https://www.vlr.gg/player/44958/planko?timespan=90d,0.955,0.76
Mythical,Randoms,0.853,192.671,0.861,126.012,0.65,0.684,0.193,0.11,0.149,416.0,https://www.vlr.gg/player/12965/mythical?timespan=90d,0.955,0.76
Monokuma,Randoms,0.944,201.237,0.965,133.419,0.66,0.692,0.207,0.103,0.124,359.0,https://www.vlr.gg/player/34217/monokuma?timespan=90d,0.955,0.76
Astin,Randoms,0.998,210.344,1.02,132.94,0.723,0.748,0.306,0.059,0.079,365.0,https://www.vlr.gg/player/43143/astin?timespan=90d,0.955,0.76
Nikuu,Randoms,0.919,165.849,0.866,112.722,0.753,0.578,0.44,0.043,0.055,73.0,https://www.vlr.gg/player/34243/nikuu?timespan=90d,,
AC,Titan Esports Club,0.0,0.0,0.0,0.0,0.0,0.0,0.0,0.0,0.0,0.0,https://www.vlr.gg/player/14445/ac?timespan=90d,1.0,1.0
Haodong,Titan Esports Club,0.0,0.0,0.0,0.0,0.0,0.0,0.0,0.0,0.0,0.0,https://www.vlr.gg/player/4720/haodong?timespan=90d,1.0,1.0
Abo,Titan Esports Club,0.0,0.0,0.0,0.0,0.0,0.0,0.0,0.0,0.0,0.0,https://www.vlr.gg/player/5011/abo?timespan=90d,1.0,1.0
Rb,Titan Esports Club,0.0,0.0,0.0,0.0,0.0,0.0,0.0,0.0,0.0,0.0,https://www.vlr.gg/player/488/rb?timespan=90d,1.0,1.0
B1ack,Titan Esports Club,0.0,0.0,0.0,0.0,0.0,0.0,0.0,0.0,0.0,0.0,https://www.vlr.gg/player/30526/b1ack?timespan=90d,1.0,1.0
P0PPIN,RANKERS,1.194,213.394,1.316,137.431,0.761,0.765,0.341,0.091,0.085,570.0,https://www.vlr.gg/player/21778/p0ppin?timespan=90d,0.837,0.94
Eggsterr,RANKERS,1.18,223.2,1.34,143.2,0.78,0.82,0.31,0.11,0.1,570.0,https://www.vlr.gg/player/35302/eggsterr?timespan=90d,0.921,0.93
nightz,RANKERS,1.068,228.546,1.134,145.642,0.727,0.822,0.266,0.149,0.122,1988.0,https://www.vlr.gg/player/41798/nightz?timespan=90d,0.927,0.93
Inspire,RANKERS,1.072,185.9,1.204,120.904,0.756,0.657,0.246,0.076,0.063,570.0,https://www.vlr.gg/player/53/inspire?timespan=90d,0.963,0.962
canezera,RANKERS,1.178,268.777,1.273,173.914,0.751,0.926,0.292,0.175,0.132,1788.0,https://www.vlr.gg/player/36560/canezera?timespan=90d,0.921,0.93
o0o0o,Nova Esports,0.0,0.0,0.0,0.0,0.0,0.0,0.0,0.0,0.0,0.0,https://www.vlr.gg/player/4402/o0o0o?timespan=90d,0.997,0.986
OBONE,Nova Esports,0.0,0.0,0.0,0.0,0.0,0.0,0.0,0.0,0.0,0.0,https://www.vlr.gg/player/36670/obone?timespan=90d,0.995,0.973
SWERL,Nova Esports,0.0,0.0,0.0,0.0,0.0,0.0,0.0,0.0,0.0,0.0,https://www.vlr.gg/player/1209/swerl?timespan=90d,1.0,1.0
CB,Nova Esports,0.0,0.0,0.0,0.0,0.0,0.0,0.0,0.0,0.0,0.0,https://www.vlr.gg/player/39697/cb?timespan=90d,1.0,1.0
Ezeir,Nova Esports,0.0,0.0,0.0,0.0,0.0,0.0,0.0,0.0,0.0,0.0,https://www.vlr.gg/player/46460/ezeir?timespan=90d,1.0,1.0
GuanG,Nova Esports,0.0,0.0,0.0,0.0,0.0,0.0,0.0,0.0,0.0,0.0,https://www.vlr.gg/player/41054/guang?timespan=90d,1.0,1.0
YOME,DRX Changers,0.613,121.0,0.568,77.517,0.692,0.442,0.392,0.058,0.058,120.0,https://www.vlr.gg/player/29269/yome?timespan=90d,0.3,1.0
Ache,DRX Changers,0.61,121.157,0.613,82.393,0.622,0.417,0.14,0.043,0.059,120.0,https://www.vlr.gg/player/43037/ache?timespan=90d,0.3,1.0
raafa,FURIA,0.897,170.685,0.842,109.985,0.69,0.56,0.436,0.08,0.109,255.0,https://www.vlr.gg/player/25743/raafa?timespan=90d,1.0,0.933
heat,FURIA,1.097,212.035,1.193,147.478,0.686,0.778,0.129,0.1,0.098,255.0,https://www.vlr.gg/player/8673/heat?timespan=90d,1.0,1.0
mwzera,FURIA,1.226,222.837,1.395,144.449,0.763,0.826,0.238,0.08,0.029,255.0,https://www.vlr.gg/player/939/mwzera?timespan=90d,1.0,1.0
havoc,FURIA,1.135,231.039,1.216,148.673,0.708,0.796,0.111,0.266,0.149,255.0,https://www.vlr.gg/player/8706/havoc?timespan=90d,1.0,1.0
Khalil,FURIA,0.909,160.324,0.897,104.979,0.749,0.556,0.354,0.024,0.061,255.0,https://www.vlr.gg/player/1711/khalil?timespan=90d,1.0,1.0
ckuma,Chaos Alliance,0.49,109.0,0.38,81.5,0.53,0.35,0.12,0.0,0.06,17.0,https://www.vlr.gg/player/42541/ckuma?timespan=90d,0.955,0.825
Uta,Chaos Alliance,0.93,213.2,0.91,142.3,0.68,0.75,0.21,0.14,0.18,126.0,https://www.vlr.gg/player/7851/uta?timespan=90d,0.993,0.97
CHAK,Chaos Alliance,0.813,175.959,0.808,114.837,0.684,0.657,0.216,0.058,0.113,126.0,https://www.vlr.gg/player/47977/chak?timespan=90d,0.955,0.802
YoWamu,BABO,1.006,241.304,1.051,154.959,0.696,0.792,0.241,0.207,0.22,781.0,https://www.vlr.gg/player/34785/yowamu?timespan=90d,0.955,0.84
Ask,BABO,1.095,212.563,1.098,141.446,0.74,0.728,0.302,0.065,0.063,781.0,https://www.vlr.gg/player/23971/ask?timespan=90d,0.962,0.867
Ady,REVE RISE MAX,1.117,204.67,1.123,135.349,0.763,0.736,0.409,0.07,0.044,429.0,https://www.vlr.gg/player/47467/ady?timespan=90d,0.955,0.84
kurozooted,BABO,1.012,179.49,1.003,117.332,0.746,0.658,0.404,0.032,0.058,580.0,https://www.vlr.gg/player/10658/kurozooted?timespan=90d,0.978,0.92
ScoPe,REVE RISE MAX,0.989,197.738,1.061,129.99,0.685,0.711,0.177,0.104,0.093,429.0,https://www.vlr.gg/player/47469/scope?timespan=90d,0.955,0.84
NT2k,Team Big BAAM,1.109,224.374,1.15,146.733,0.726,0.798,0.329,0.153,0.109,981.0,https://www.vlr.gg/player/14227/nt2k?timespan=90d,,
LilHieu,Team Big BAAM,0.986,218.774,1.024,141.354,0.696,0.755,0.238,0.125,0.146,870.0,https://www.vlr.gg/player/21840/lilhieu?timespan=90d,,
nTK,Team Big BAAM,1.06,201.848,1.103,137.516,0.722,0.718,0.292,0.085,0.079,981.0,https://www.vlr.gg/player/1432/ntk?timespan=90d,,
P1nA,Team Big BAAM,1.114,205.988,1.104,136.137,0.741,0.723,0.43,0.092,0.069,876.0,https://www.vlr.gg/player/1431/p1na?timespan=90d,,
KimHung2k5,Team Big BAAM,1.094,217.345,1.125,145.826,0.662,0.762,0.227,0.071,0.077,412.0,https://www.vlr.gg/player/49818/kimhung2k5?timespan=90d,,
gobera,2Game Esports,1.13,212.796,1.211,140.457,0.671,0.763,0.194,0.105,0.1,181.0,https://www.vlr.gg/player/14950/gobera?timespan=90d,1.0,0.978
pryze,2Game Esports,0.98,166.679,0.967,113.132,0.69,0.58,0.265,0.045,0.078,203.0,https://www.vlr.gg/player/662/pryze?timespan=90d,0.989,0.983
lz,2Game Esports,1.004,181.034,1.011,119.572,0.689,0.657,0.368,0.054,0.061,203.0,https://www.vlr.gg/player/6195/lz?timespan=90d,0.989,0.983
spike,2Game Esports,0.976,218.856,0.993,138.344,0.761,0.746,0.338,0.156,0.11,203.0,https://www.vlr.gg/player/21661/spike?timespan=90d,0.989,0.983
silentzz,2Game Esports,0.757,182.543,0.813,118.057,0.661,0.647,0.136,0.14,0.167,203.0,https://www.vlr.gg/player/11921/silentzz?timespan=90d,0.989,0.983
faithz0r,2Game Esports,0.29,76.0,0.3,53.0,0.41,0.27,0.09,0.0,0.09,22.0,https://www.vlr.gg/player/14482/faithz0r?timespan=90d,0.0,0.0
Kr1stal,Global Esports,1.336,240.589,1.477,163.694,0.779,0.831,0.348,0.096,0.06,419.0,https://www.vlr.gg/player/5796/kr1stal?timespan=90d,0.874,0.906
kellyS,Global Esports,1.121,217.48,1.16,137.766,0.797,0.78,0.34,0.08,0.082,419.0,https://www.vlr.gg/player/7437/kellys?timespan=90d,0.894,0.829
Papi,Global Esports,1.18,204.393,1.251,130.646,0.776,0.73,0.442,0.069,0.051,534.0,https://www.vlr.gg/player/13219/papi?timespan=90d,0.904,0.833
SPARTA,Exsto Gaming,0.867,166.202,0.84,123.255,0.707,0.566,0.278,0.082,0.111,62.0,https://www.vlr.gg/player/49677/sparta?timespan=90d,,
AcZy,Exsto Gaming,1.158,243.075,1.31,156.342,0.753,0.925,0.208,0.189,0.075,53.0,https://www.vlr.gg/player/44723/aczy?timespan=90d,0.955,0.76
sommboiii,Exsto Gaming,1.073,208.197,1.105,139.023,0.739,0.727,0.297,0.079,0.077,223.0,https://www.vlr.gg/player/5209/sommboiii?timespan=90d,0.955,0.76
Spartabang,Exsto Gaming,1.004,209.343,1.028,139.1,0.74,0.734,0.35,0.067,0.102,223.0,https://www.vlr.gg/player/37185/spartabang?timespan=90d,0.955,0.76
Rossi,Exsto Gaming,1.067,246.289,1.079,155.921,0.747,0.795,0.292,0.236,0.174,223.0,https://www.vlr.gg/player/31640/rossi?timespan=90d,0.955,0.76
Kyun,Exsto Gaming,0.991,192.764,1.065,124.976,0.696,0.687,0.24,0.056,0.05,161.0,https://www.vlr.gg/player/17990/kyun?timespan=90d,0.955,0.76
MrFaliN,FUT Esports,1.093,197.257,1.119,130.565,0.743,0.68,0.423,0.072,0.061,410.0,https://www.vlr.gg/player/8044/mrfalin?timespan=90d,0.982,1.0
xeus,FUT Esports,1.111,245.868,1.189,162.294,0.725,0.871,0.211,0.203,0.188,410.0,https://www.vlr.gg/player/12793/xeus?timespan=90d,1.0,1.0
yetujey,FUT Esports,1.24,237.08,1.349,152.353,0.759,0.854,0.192,0.149,0.086,410.0,https://www.vlr.gg/player/8369/yetujey?timespan=90d,0.981,1.0
AtaKaptan,FUT Esports,1.13,213.3,1.19,139.2,0.72,0.75,0.46,0.11,0.08,152.0,https://www.vlr.gg/player/6510/atakaptan?timespan=90d,0.984,1.0
cNed,FUT Esports,1.28,273.546,1.425,176.268,0.782,0.969,0.206,0.215,0.121,226.0,https://www.vlr.gg/player/573/cned?timespan=90d,0.982,1.0
qRaxs,FUT Esports,1.018,181.756,1.026,117.372,0.745,0.646,0.346,0.036,0.048,410.0,https://www.vlr.gg/player/1139/qraxs?timespan=90d,0.982,1.0
Squish,Dreams To Legends,0.983,225.978,0.945,152.915,0.681,0.762,0.242,0.201,0.186,436.0,https://www.vlr.gg/player/48708/squish?timespan=90d,,
Bored,Dreams To Legends,1.054,200.473,1.001,135.043,0.691,0.706,0.366,0.067,0.08,393.0,https://www.vlr.gg/player/44684/bored?timespan=90d,,
EMIYA,Dreams To Legends,0.984,207.249,0.962,141.494,0.679,0.72,0.251,0.109,0.098,436.0,https://www.vlr.gg/player/44671/emiya?timespan=90d,,
B1n,Dreams To Legends,0.902,175.733,0.801,114.733,0.669,0.585,0.48,0.045,0.09,436.0,https://www.vlr.gg/player/44674/b1n?timespan=90d,,
Mikey,Dreams To Legends,0.987,195.332,0.968,130.124,0.732,0.701,0.309,0.065,0.046,436.0,https://www.vlr.gg/player/44673/mikey?timespan=90d,,
NemuiZzZz,Dreams To Legends,0.829,156.488,0.754,102.919,0.602,0.558,0.345,0.095,0.12,43.0,https://www.vlr.gg/player/48961/nemuizzzz?timespan=90d,,
saxx,Original Gaming,0.966,169.249,0.913,113.166,0.704,0.612,0.389,0.068,0.058,805.0,https://www.vlr.gg/player/48576/saxx?timespan=90d,,
Hansia,Original Gaming,1.06,214.334,1.066,140.565,0.707,0.754,0.245,0.133,0.096,805.0,https://www.vlr.gg/player/41536/hansia?timespan=90d,,
Kuro,Original Gaming,0.895,207.608,0.936,131.504,0.669,0.713,0.197,0.157,0.177,805.0,https://www.vlr.gg/player/44152/kuro?timespan=90d,0.955,0.82
16Ch0ps,Original Gaming,1.087,238.531,1.128,152.132,0.672,0.835,0.185,0.129,0.107,671.0,https://www.vlr.gg/player/14566/16ch0ps?timespan=90d,,
bobae,Original Gaming,1.025,192.998,1.035,133.771,0.723,0.685,0.256,0.052,0.06,714.0,https://www.vlr.gg/player/41538/bobae?timespan=90d,,
nAts,Team Liquid,0.946,186.963,1.012,117.107,0.615,0.686,0.243,0.059,0.109,54.0,https://www.vlr.gg/player/457/nats?timespan=90d,1.0,1.0
paTiTek,Team Liquid,0.998,205.491,0.962,132.384,0.703,0.71,0.336,0.115,0.099,171.0,https://www.vlr.gg/player/309/patitek?timespan=90d,1.0,1.0
kamyk,Team Liquid,0.909,176.556,0.927,128.941,0.708,0.651,0.145,0.021,0.036,54.0,https://www.vlr.gg/player/1475/kamyk?timespan=90d,0.993,0.97
Keiko,Team Liquid,1.243,253.852,1.255,164.919,0.723,0.908,0.447,0.076,0.079,54.0,https://www.vlr.gg/player/11494/keiko?timespan=90d,1.0,1.0
kamo,Team Liquid,0.77,222.5,0.8,144.8,0.61,0.69,0.19,0.17,0.28,54.0,https://www.vlr.gg/player/14681/kamo?timespan=90d,1.0,1.0
Makaveli,Orangutan,1.073,207.936,1.202,137.263,0.729,0.751,0.214,0.104,0.112,486.0,https://www.vlr.gg/player/30693/makaveli?timespan=90d,,
Venka,Orangutan,1.104,251.651,1.218,165.147,0.692,0.894,0.162,0.216,0.152,572.0,https://www.vlr.gg/player/27336/venka?timespan=90d,0.978,0.912
deecee,Orangutan,0.968,182.469,1.013,122.375,0.696,0.648,0.261,0.092,0.106,626.0,https://www.vlr.gg/player/26376/deecee?timespan=90d,0.978,0.912
Techno,Orangutan,1.098,207.727,1.153,134.547,0.727,0.729,0.342,0.108,0.098,842.0,https://www.vlr.gg/player/27775/techno?timespan=90d,0.989,0.956
hellff,Orangutan,1.093,199.271,1.123,131.328,0.733,0.695,0.348,0.082,0.081,842.0,https://www.vlr.gg/player/3627/hellff?timespan=90d,0.989,0.956
Hoax,Orangutan,1.123,202.471,1.169,134.843,0.749,0.721,0.352,0.054,0.056,842.0,https://www.vlr.gg/player/3639/hoax?timespan=90d,0.978,0.912
player,All Gamers,0.0,0.0,0.0,0.0,0.0,0.0,0.0,0.0,0.0,0.0,https://www.vlr.gg/player/46749/player?timespan=90d,1.0,1.0
bunt,All Gamers,0.66,166.769,0.699,104.054,0.796,0.589,0.258,0.082,0.078,39.0,https://www.vlr.gg/player/25949/bunt?timespan=90d,1.0,1.0
monk,All Gamers,0.0,0.0,0.0,0.0,0.0,0.0,0.0,0.0,0.0,0.0,https://www.vlr.gg/player/14431/monk?timespan=90d,1.0,1.0
deLb,All Gamers,0.0,0.0,0.0,0.0,0.0,0.0,0.0,0.0,0.0,0.0,https://www.vlr.gg/player/10821/delb?timespan=90d,0.997,0.988
Spitfires,All Gamers,0.0,0.0,0.0,0.0,0.0,0.0,0.0,0.0,0.0,0.0,https://www.vlr.gg/player/4881/spitfires?timespan=90d,0.999,0.993
K1ra,All Gamers,0.0,0.0,0.0,0.0,0.0,0.0,0.0,0.0,0.0,0.0,https://www.vlr.gg/player/46748/k1ra?timespan=90d,1.0,1.0
X3B,All Gamers,0.0,0.0,0.0,0.0,0.0,0.0,0.0,0.0,0.0,0.0,https://www.vlr.gg/player/37019/x3b?timespan=90d,1.0,1.0
Ethan,TUMT Shark,1.377,243.193,1.984,154.683,0.872,0.927,0.247,0.073,0.06,165.0,https://www.vlr.gg/player/46327/ethan?timespan=90d,1.0,1.0
Saluat,TUMT Shark,1.44,333.106,1.729,208.441,0.874,1.103,0.371,0.269,0.114,105.0,https://www.vlr.gg/player/49611/saluat?timespan=90d,,
popoman4Q,TUMT Shark,1.138,164.706,1.299,100.084,0.781,0.608,0.505,0.038,0.039,105.0,https://www.vlr.gg/player/2371/popoman4q?timespan=90d,,
Croudy,TUMT Shark,1.318,202.436,2.067,142.231,0.857,0.761,0.372,0.076,0.066,165.0,https://www.vlr.gg/player/49612/croudy?timespan=90d,,
Shu,TUMT Shark,1.28,246.168,1.59,164.822,0.802,0.91,0.432,0.173,0.074,165.0,https://www.vlr.gg/player/46462/shu?timespan=90d,,
Crws,TALON,1.034,202.632,0.998,137.022,0.715,0.681,0.361,0.08,0.053,300.0,https://www.vlr.gg/player/3977/crws?timespan=90d,1.0,1.0
JitBoyS,TALON,0.972,173.043,0.938,114.321,0.68,0.62,0.354,0.067,0.096,319.0,https://www.vlr.gg/player/13788/jitboys?timespan=90d,1.0,1.0
primmie,TALON,1.096,238.397,1.233,151.851,0.724,0.874,0.13,0.155,0.146,319.0,https://www.vlr.gg/player/25255/primmie?timespan=90d,1.0,1.0
ban,TALON,0.842,177.14,0.89,120.257,0.689,0.645,0.19,0.096,0.068,300.0,https://www.vlr.gg/player/5129/ban?timespan=90d,1.0,1.0
Governor,TALON,1.076,210.733,1.183,139.078,0.714,0.739,0.217,0.165,0.121,649.0,https://www.vlr.gg/player/3980/governor?timespan=90d,0.991,0.993
kiNgg,LEVIATÁN,0.942,177.851,0.93,120.572,0.67,0.626,0.255,0.057,0.074,67.0,https://www.vlr.gg/player/8549/kingg?timespan=90d,1.0,1.0
Demon1,LEVIATÁN,1.08,214.555,1.142,148.806,0.661,0.788,0.245,0.106,0.092,188.0,https://www.vlr.gg/player/26171/demon1?timespan=90d,0.966,0.998
tex,LEVIATÁN,0.813,192.635,0.826,132.329,0.644,0.642,0.242,0.135,0.179,178.0,https://www.vlr.gg/player/1818/tex?timespan=90d,0.948,1.0
C0M,LEVIATÁN,0.899,185.09,0.897,122.455,0.686,0.646,0.22,0.064,0.084,400.0,https://www.vlr.gg/player/619/c0m?timespan=90d,0.952,1.0
nataNk,LEVIATÁN,0.969,181.254,0.877,123.904,0.731,0.63,0.388,0.091,0.107,67.0,https://www.vlr.gg/player/5004/natank?timespan=90d,1.0,0.985
K4DAVRA,Gentle Mates,1.314,230.553,1.327,157.383,0.766,0.852,0.443,0.02,0.041,47.0,https://www.vlr.gg/player/20871/k4davra?timespan=90d,1.0,1.0
RobbieBk,Gentle Mates,1.33,216.5,1.37,142.2,0.79,0.79,0.3,0.15,0.04,47.0,https://www.vlr.gg/player/5893/robbiebk?timespan=90d,0.978,0.91
Minny,Gentle Mates,1.04,222.0,1.09,132.3,0.72,0.81,0.11,0.17,0.0,47.0,https://www.vlr.gg/player/23169/minny?timespan=90d,0.978,0.867
Zyppan,Gentle Mates,0.959,194.165,0.952,132.073,0.71,0.697,0.37,0.11,0.098,335.0,https://www.vlr.gg/player/11/zyppan?timespan=90d,0.983,1.0
Click,Gentle Mates,1.191,289.071,1.278,181.048,0.722,1.0,0.192,0.263,0.177,265.0,https://www.vlr.gg/player/7866/click?timespan=90d,0.65,1.0
JessieVash,Team Secret,1.36,189.0,1.5,132.6,0.84,0.63,0.32,0.16,0.0,19.0,https://www.vlr.gg/player/2334/jessievash?timespan=90d,0.999,0.995
invy,Team Secret,1.53,300.0,1.67,184.6,0.74,1.05,0.53,0.11,0.11,19.0,https://www.vlr.gg/player/8504/invy?timespan=90d,0.999,0.995
Wild0reoo,Team Secret,1.23,242.0,1.31,176.6,0.79,0.89,0.26,0.16,0.0,19.0,https://www.vlr.gg/player/9740/wild0reoo?timespan=90d,0.975,0.883
2ge,Team Secret,1.07,240.0,1.06,138.7,0.74,0.89,0.26,0.16,0.26,19.0,https://www.vlr.gg/player/9735/2ge?timespan=90d,0.995,0.981
Jremy,Team Secret,1.19,270.0,1.2,182.7,0.68,0.95,0.53,0.05,0.0,19.0,https://www.vlr.gg/player/7405/jremy?timespan=90d,0.999,0.995
wAvE,Asterisk,0.971,192.902,0.941,125.694,0.697,0.674,0.293,0.093,0.122,599.0,https://www.vlr.gg/player/22054/wave?timespan=90d,,
River,Asterisk,0.905,180.132,0.87,118.688,0.684,0.629,0.304,0.051,0.079,330.0,https://www.vlr.gg/player/43398/river?timespan=90d,,
YasH,Asterisk,0.918,222.58,0.923,146.578,0.685,0.746,0.193,0.175,0.181,752.0,https://www.vlr.gg/player/43389/yash?timespan=90d,,
rinsat,Asterisk,0.979,228.059,0.942,151.774,0.679,0.796,0.31,0.104,0.115,291.0,https://www.vlr.gg/player/49570/rinsat?timespan=90d,,
Icarus,Asterisk,0.975,181.348,0.985,126.389,0.666,0.644,0.158,0.057,0.073,774.0,https://www.vlr.gg/player/27755/icarus?timespan=90d,,
BerLIN,FunPlus Phoenix,0.85,155.723,0.714,136.743,0.59,0.509,0.338,0.032,0.098,348.0,https://www.vlr.gg/player/7857/berlin?timespan=90d,0.999,0.994
Autumn,FunPlus Phoenix,0.562,164.68,0.846,97.294,0.63,0.614,0.17,0.08,0.062,231.0,https://www.vlr.gg/player/872/autumn?timespan=90d,0.999,0.994
Life,FunPlus Phoenix,1.042,238.59,1.06,150.26,0.731,0.839,0.173,0.215,0.173,348.0,https://www.vlr.gg/player/3028/life?timespan=90d,1.0,1.0
AAAAY,FunPlus Phoenix,1.008,191.469,0.941,128.282,0.752,0.668,0.333,0.076,0.118,200.0,https://www.vlr.gg/player/19530/aaaay?timespan=90d,0.999,0.994
yosemite,FunPlus Phoenix,0.0,0.0,0.0,0.0,0.0,0.0,0.0,0.0,0.0,0.0,https://www.vlr.gg/player/6022/yosemite?timespan=90d,1.0,1.0
Juzo Suzuya,Veterans,1.034,213.728,1.056,141.324,0.709,0.74,0.233,0.07,0.098,432.0,https://www.vlr.gg/player/49524/juzo-suzuya?timespan=90d,,
Bumble,Veterans,1.145,233.592,1.167,156.635,0.722,0.809,0.281,0.084,0.079,432.0,https://www.vlr.gg/player/44146/bumble?timespan=90d,,
Brinicle,Veterans,0.909,188.444,0.861,120.87,0.717,0.624,0.387,0.089,0.095,373.0,https://www.vlr.gg/player/14205/brinicle?timespan=90d,,
Maybe,Veterans,0.982,229.788,1.04,150.534,0.667,0.81,0.177,0.192,0.172,398.0,https://www.vlr.gg/player/23028/maybe?timespan=90d,,
SinS,Veterans,0.965,180.82,0.953,118.739,0.728,0.648,0.414,0.061,0.085,432.0,https://www.vlr.gg/player/44148/sins?timespan=90d,,
Tara,Paper Rex x Spotlight Series,0.878,153.413,0.862,99.78,0.703,0.55,0.424,0.048,0.05,630.0,https://www.vlr.gg/player/8492/tara?timespan=90d,0.3,1.0
Kohaibi,Paper Rex x Spotlight Series,0.871,155.832,0.852,110.143,0.71,0.559,0.245,0.072,0.092,345.0,https://www.vlr.gg/player/9175/kohaibi?timespan=90d,0.3,1.0
Persia,Nongshim RedForce,1.249,216.807,1.276,145.115,0.781,0.757,0.411,0.091,0.116,155.0,https://www.vlr.gg/player/4122/persia?timespan=90d,0.962,0.879
Francis,Nongshim RedForce,1.061,206.206,1.146,133.072,0.689,0.749,0.37,0.065,0.056,155.0,https://www.vlr.gg/player/31828/francis?timespan=90d,0.955,0.85
margaret,Nongshim RedForce,0.902,187.665,0.904,116.05,0.661,0.612,0.281,0.062,0.085,155.0,https://www.vlr.gg/player/33576/margaret?timespan=90d,0.955,0.848
Dambi,Nongshim RedForce,1.045,247.084,1.102,147.809,0.738,0.818,0.306,0.218,0.211,155.0,https://www.vlr.gg/player/31827/dambi?timespan=90d,0.955,0.85
Ivy,Nongshim RedForce,1.207,225.627,1.313,148.448,0.735,0.796,0.309,0.038,0.052,155.0,https://www.vlr.gg/player/31829/ivy?timespan=90d,0.955,0.85
Dep,ZETA DIVISION,1.182,259.626,1.31,164.464,0.69,0.932,0.178,0.214,0.16,259.0,https://www.vlr.gg/player/424/dep?timespan=90d,0.999,0.996
SugarZ3ro,ZETA DIVISION,0.97,165.581,0.91,109.611,0.732,0.585,0.469,0.065,0.069,237.0,https://www.vlr.gg/player/6668/sugarz3ro?timespan=90d,0.999,0.996
CLZ,ZETA DIVISION,0.937,173.45,0.87,114.632,0.714,0.59,0.445,0.054,0.087,237.0,https://www.vlr.gg/player/2615/clz?timespan=90d,0.979,0.925
SyouTa,ZETA DIVISION,0.866,173.253,0.922,117.789,0.673,0.65,0.169,0.056,0.068,237.0,https://www.vlr.gg/player/12990/syouta?timespan=90d,0.979,0.925
Xdll,ZETA DIVISION,0.974,187.419,0.953,132.143,0.691,0.682,0.275,0.096,0.108,237.0,https://www.vlr.gg/player/25221/xdll?timespan=90d,0.976,0.914
Boo,Team Heretics,0.924,177.307,0.907,115.857,0.717,0.625,0.328,0.06,0.051,212.0,https://www.vlr.gg/player/1144/boo?timespan=90d,0.984,1.0
MiniBoo,Team Heretics,0.991,212.933,1.051,137.026,0.724,0.782,0.22,0.145,0.18,212.0,https://www.vlr.gg/player/18350/miniboo?timespan=90d,0.982,0.997
Wo0t,Team Heretics,1.204,233.313,1.416,153.21,0.754,0.847,0.239,0.144,0.071,209.0,https://www.vlr.gg/player/21328/wo0t?timespan=90d,0.98,1.0
RieNs,Team Heretics,0.889,183.111,0.951,117.588,0.709,0.687,0.255,0.05,0.106,95.0,https://www.vlr.gg/player/10971/riens?timespan=90d,0.984,1.0
benjyfishy,Team Heretics,1.047,201.861,1.064,130.666,0.741,0.742,0.254,0.089,0.11,247.0,https://www.vlr.gg/player/29873/benjyfishy?timespan=90d,0.969,1.0
weber,Team Heretics,0.67,75.0,0.44,51.5,0.79,0.29,0.38,0.0,0.08,24.0,https://www.vlr.gg/player/2038/weber?timespan=90d,,
florescent,Apeks,1.441,301.429,1.747,191.221,0.821,1.041,0.277,0.266,0.101,744.0,https://www.vlr.gg/player/17976/florescent?timespan=90d,0.347,0.995
MOLSI,Apeks,0.98,198.3,1.03,134.6,0.7,0.74,0.25,0.09,0.06,81.0,https://www.vlr.gg/player/1281/molsi?timespan=90d,0.996,0.985
AvovA,Apeks,1.13,208.3,1.1,143.9,0.7,0.79,0.43,0.12,0.07,81.0,https://www.vlr.gg/player/1507/avova?timespan=90d,0.997,0.989
Flashback,DRX,1.217,219.611,1.229,160.689,0.745,0.805,0.203,0.1,0.048,571.0,https://www.vlr.gg/player/35013/flashback?timespan=90d,0.979,1.0
MaKo,DRX,0.999,184.137,1.061,113.24,0.741,0.67,0.411,0.075,0.108,474.0,https://www.vlr.gg/player/4462/mako?timespan=90d,1.0,1.0
Athan,DRX,1.049,186.063,0.893,133.062,0.736,0.626,0.446,0.066,0.078,571.0,https://www.vlr.gg/player/34982/athan?timespan=90d,0.93,1.0
freeing,DRX,1.036,183.636,0.96,125.506,0.735,0.631,0.242,0.069,0.109,474.0,https://www.vlr.gg/player/1916/freeing?timespan=90d,0.989,0.966
HYUNMIN,DRX,1.002,235.362,1.067,149.214,0.716,0.823,0.192,0.194,0.192,571.0,https://www.vlr.gg/player/28400/hyunmin?timespan=90d,0.934,0.973
Allen,BC SWELL,1.028,185.011,1.025,121.958,0.74,0.653,0.405,0.054,0.062,611.0,https://www.vlr.gg/player/17111/allen?timespan=90d,0.966,0.88
Jan,BC SWELL,1.166,207.411,1.16,142.721,0.768,0.738,0.356,0.104,0.069,611.0,https://www.vlr.gg/player/10642/jan?timespan=90d,0.962,0.867
sakura,BC SWELL,1.036,212.842,1.07,139.549,0.729,0.763,0.269,0.088,0.101,611.0,https://www.vlr.gg/player/25279/sakura?timespan=90d,0.955,0.84
Jerry,BC SWELL,1.034,208.674,1.056,141.778,0.733,0.774,0.18,0.101,0.088,341.0,https://www.vlr.gg/player/46355/jerry?timespan=90d,0.955,0.84
Jinbey,BC SWELL,0.985,222.194,1.04,142.895,0.718,0.786,0.213,0.16,0.176,341.0,https://www.vlr.gg/player/43072/jinbey?timespan=90d,0.955,0.84
UR,ZETA DIVISION GC,1.049,199.043,0.961,137.249,0.664,0.688,0.347,0.091,0.074,446.0,https://www.vlr.gg/player/39902/ur?timespan=90d,0.3,1.0
SereNa,ZETA DIVISION GC,0.88,178.264,0.825,121.179,0.64,0.629,0.207,0.065,0.097,554.0,https://www.vlr.gg/player/39904/serena?timespan=90d,0.3,1.0
Moco,ZETA DIVISION GC,1.049,194.342,0.993,125.053,0.702,0.678,0.374,0.055,0.092,446.0,https://www.vlr.gg/player/29314/moco?timespan=90d,0.3,1.0
aco,ZETA DIVISION GC,0.803,153.458,0.687,98.903,0.695,0.526,0.468,0.058,0.078,554.0,https://www.vlr.gg/player/29316/aco?timespan=90d,0.3,1.0
suzu,ZETA DIVISION GC,0.929,218.513,0.942,145.227,0.66,0.757,0.209,0.173,0.216,446.0,https://www.vlr.gg/player/10653/suzu?timespan=90d,0.3,1.0
Lightningfast,Level 5,1.018,175.057,0.945,104.492,0.775,0.669,0.418,0.098,0.093,106.0,https://www.vlr.gg/player/3626/lightningfast?timespan=90d,0.992,0.971
tricky,Level 5,1.062,219.908,1.115,142.124,0.724,0.863,0.158,0.191,0.156,178.0,https://www.vlr.gg/player/28612/tricky?timespan=90d,1.0,1.0
Kohliii,Level 5,1.026,188.348,1.082,128.902,0.786,0.732,0.338,0.022,0.038,178.0,https://www.vlr.gg/player/10758/kohliii?timespan=90d,,
Paradox,Level 5,0.972,197.202,0.989,126.32,0.755,0.723,0.346,0.069,0.083,178.0,https://www.vlr.gg/player/10463/paradox?timespan=90d,0.955,0.825
Russ,Level 5,0.789,121.802,0.928,76.113,0.679,0.596,0.371,0.036,0.094,106.0,https://www.vlr.gg/player/1162/russ?timespan=90d,1.0,0.974
BcJ,Moist x Shopify,1.171,229.088,1.138,146.275,0.72,0.799,0.397,0.108,0.144,234.0,https://www.vlr.gg/player/864/bcj?timespan=90d,0.972,0.947
Pa1nt,Moist x Shopify,1.168,269.122,1.288,168.241,0.727,0.947,0.194,0.237,0.168,1572.0,https://www.vlr.gg/player/23407/pa1nt?timespan=90d,0.938,0.93
Spaz,Moist x Shopify,1.273,223.441,1.345,141.793,0.797,0.778,0.51,0.068,0.059,1190.0,https://www.vlr.gg/player/8422/spaz?timespan=90d,0.938,0.93
Paincakes,Moist x Shopify,1.149,221.766,1.223,143.209,0.744,0.787,0.327,0.102,0.093,763.0,https://www.vlr.gg/player/2164/paincakes?timespan=90d,0.889,0.935
brawk,Moist x Shopify,1.133,205.496,1.165,138.415,0.791,0.716,0.341,0.056,0.031,510.0,https://www.vlr.gg/player/2172/brawk?timespan=90d,0.967,0.957
vapen,Moist x Shopify,0.34,122.0,0.27,90.1,0.4,0.27,0.27,0.07,0.13,15.0,https://www.vlr.gg/player/8754/vapen?timespan=90d,0.0,0.0
whzy,Bilibili Gaming,0.91,235.828,1.116,134.874,0.693,0.852,0.211,0.211,0.18,497.0,https://www.vlr.gg/player/4885/whzy?timespan=90d,1.0,1.0
Levius,Bilibili Gaming,0.865,195.303,1.004,115.158,0.68,0.689,0.243,0.074,0.075,451.0,https://www.vlr.gg/player/40845/levius?timespan=90d,1.0,1.0
rushia,Bilibili Gaming,0.827,154.24,0.851,86.839,0.731,0.564,0.423,0.051,0.083,497.0,https://www.vlr.gg/player/48878/rushia?timespan=90d,1.0,1.0
nephh,Bilibili Gaming,1.101,210.24,1.067,128.819,0.725,0.735,0.514,0.074,0.028,482.0,https://www.vlr.gg/player/10698/nephh?timespan=90d,0.993,0.974
Knight,Bilibili Gaming,0.938,189.414,1.003,115.751,0.759,0.656,0.322,0.127,0.089,497.0,https://www.vlr.gg/player/4774/knight?timespan=90d,1.0,1.0
seven,TSM,1.125,238.173,1.147,153.174,0.762,0.814,0.313,0.135,0.121,1085.0,https://www.vlr.gg/player/8376/seven?timespan=90d,0.941,0.928
gMd,TSM,1.147,221.472,1.143,143.848,0.737,0.783,0.404,0.096,0.084,987.0,https://www.vlr.gg/player/64/gmd?timespan=90d,0.942,0.928
sym,TSM,1.027,237.427,1.057,153.293,0.694,0.822,0.205,0.231,0.197,755.0,https://www.vlr.gg/player/3702/sym?timespan=90d,0.963,0.946
tdawgg,TSM,1.017,181.355,1.025,118.913,0.762,0.618,0.461,0.065,0.065,1235.0,https://www.vlr.gg/player/3007/tdawgg?timespan=90d,0.938,0.93
XXiF,TSM,1.01,173.211,1.054,119.373,0.742,0.629,0.206,0.059,0.048,341.0,https://www.vlr.gg/player/1023/xxif?timespan=90d,0.941,0.93
Recoil,TSM,1.016,216.108,1.069,140.285,0.733,0.764,0.328,0.114,0.105,947.0,https://www.vlr.gg/player/39602/recoil?timespan=90d,0.766,0.948
ALEKSANDAR,QoR,1.056,196.507,1.138,131.635,0.731,0.739,0.141,0.083,0.07,930.0,https://www.vlr.gg/player/1120/aleksandar?timespan=90d,0.919,0.93
nerve,QoR,1.098,199.375,1.089,131.03,0.754,0.696,0.448,0.069,0.073,1560.0,https://www.vlr.gg/player/754/nerve?timespan=90d,0.933,0.93
snarly,QoR,1.006,190.216,1.022,124.095,0.743,0.669,0.405,0.092,0.094,2145.0,https://www.vlr.gg/player/21878/snarly?timespan=90d,0.91,0.93
Boni,QoR,1.155,257.238,1.226,161.266,0.721,0.895,0.278,0.207,0.167,2032.0,https://www.vlr.gg/player/24553/boni?timespan=90d,0.91,0.93
Logan,QoR,1.111,220.049,1.112,148.461,0.76,0.746,0.343,0.088,0.062,2265.0,https://www.vlr.gg/player/5093/logan?timespan=90d,0.91,0.93
SpYzera,The Ultimates,1.281,231.63,1.446,151.088,0.797,0.849,0.363,0.08,0.061,963.0,https://www.vlr.gg/player/1618/spyzera?timespan=90d,0.958,0.818
Fighter,The Ultimates,1.007,222.464,1.123,144.198,0.703,0.791,0.196,0.144,0.141,963.0,https://www.vlr.gg/player/37847/fighter?timespan=90d,0.958,0.816
KHaaLiD,The Ultimates,1.13,212.156,1.221,141.908,0.729,0.75,0.266,0.091,0.102,963.0,https://www.vlr.gg/player/5599/khaalid?timespan=90d,0.958,0.818
Moh,The Ultimates,1.2,235.976,1.295,153.081,0.761,0.845,0.326,0.144,0.103,963.0,https://www.vlr.gg/player/5600/moh?timespan=90d,0.958,0.818
Sand,The Ultimates,1.128,204.44,1.281,138.973,0.733,0.763,0.195,0.076,0.061,963.0,https://www.vlr.gg/player/6503/sand?timespan=90d,0.958,0.818
Flowy,Al-Qadsiah Esports,0.923,183.228,0.871,120.754,0.71,0.605,0.46,0.069,0.071,274.0,https://www.vlr.gg/player/36069/flowy?timespan=90d,0.955,0.817
Avvix,Al-Qadsiah Esports,1.158,210.826,1.191,145.046,0.739,0.777,0.278,0.059,0.069,956.0,https://www.vlr.gg/player/33464/avvix?timespan=90d,0.955,0.811
str1keR,Al-Qadsiah Esports,0.98,223.97,1.012,148.048,0.674,0.784,0.207,0.156,0.152,956.0,https://www.vlr.gg/player/7286/str1ker?timespan=90d,0.955,0.812
Elixllo,Al-Qadsiah Esports,1.026,197.782,1.041,133.483,0.705,0.726,0.203,0.098,0.093,956.0,https://www.vlr.gg/player/27316/elixllo?timespan=90d,0.955,0.812
rezy,Al-Qadsiah Esports,0.881,166.686,0.826,109.757,0.707,0.594,0.374,0.067,0.092,956.0,https://www.vlr.gg/player/11914/rezy?timespan=90d,0.955,0.813
Winteryrook,Al-Qadsiah Esports,1.001,209.714,0.987,134.242,0.7,0.704,0.381,0.106,0.127,603.0,https://www.vlr.gg/player/3807/winteryrook?timespan=90d,0.955,0.807
Whimp,MiBH,0.759,156.895,0.708,104.473,0.651,0.536,0.326,0.072,0.109,200.0,https://www.vlr.gg/player/5536/whimp?timespan=90d,,
ezzy,MiBH,0.955,196.845,0.98,127.832,0.653,0.717,0.203,0.092,0.106,200.0,https://www.vlr.gg/player/7485/ezzy?timespan=90d,,
vibhoRR,MiBH,0.84,187.3,0.7,123.1,0.62,0.58,0.32,0.05,0.04,73.0,https://www.vlr.gg/player/3268/vibhorr?timespan=90d,,
Yuvi,MiBH,1.139,251.753,1.066,162.793,0.629,0.863,0.149,0.175,0.151,73.0,https://www.vlr.gg/player/46051/yuvi?timespan=90d,,
Excali,MiBH,0.874,184.786,0.823,121.038,0.657,0.644,0.363,0.097,0.123,372.0,https://www.vlr.gg/player/3271/excali?timespan=90d,1.0,1.0
iNaz,DRAGONS,0.876,166.379,0.847,114.987,0.643,0.592,0.214,0.075,0.07,885.0,https://www.vlr.gg/player/44546/inaz?timespan=90d,0.955,0.812
AL7B,DRAGONS,1.096,201.397,1.065,134.002,0.731,0.73,0.357,0.076,0.051,1050.0,https://www.vlr.gg/player/36073/al7b?timespan=90d,0.955,0.814
k1Ng,DRAGONS,1.015,206.146,0.977,133.232,0.724,0.729,0.388,0.087,0.08,947.0,https://www.vlr.gg/player/17648/k1ng?timespan=90d,0.955,0.815
Rayy,DRAGONS,0.896,174.175,0.831,118.405,0.691,0.603,0.334,0.065,0.069,1050.0,https://www.vlr.gg/player/27313/rayy?timespan=90d,0.955,0.814
Psilence,DRAGONS,0.965,237.923,0.993,151.004,0.672,0.804,0.178,0.222,0.217,1050.0,https://www.vlr.gg/player/46250/sogeking?timespan=90d,0.0,0.0
Darwin,DRAGONS,0.89,189.232,0.871,127.456,0.711,0.648,0.275,0.075,0.074,268.0,https://www.vlr.gg/player/35761/darwin?timespan=90d,0.955,0.81
dgzin,LOUD,1.019,241.483,1.148,147.208,0.694,0.846,0.156,0.233,0.227,177.0,https://www.vlr.gg/player/8873/dgzin?timespan=90d,1.0,0.976
v1nny,LOUD,0.834,150.319,0.761,101.443,0.677,0.527,0.451,0.009,0.103,136.0,https://www.vlr.gg/player/1586/v1nny?timespan=90d,1.0,0.92
pANcada,LOUD,1.047,192.294,1.042,124.522,0.688,0.705,0.293,0.075,0.098,136.0,https://www.vlr.gg/player/683/pancada?timespan=90d,0.996,0.99
tuyz,LOUD,0.869,159.349,0.854,104.443,0.641,0.559,0.199,0.037,0.037,136.0,https://www.vlr.gg/player/2408/tuyz?timespan=90d,1.0,0.998
cauanzin,LOUD,1.023,212.844,1.003,139.128,0.707,0.726,0.281,0.115,0.09,136.0,https://www.vlr.gg/player/6193/cauanzin?timespan=90d,1.0,0.998
wedid,Turtle Troop,0.96,173.826,0.847,117.67,0.715,0.587,0.433,0.064,0.084,222.0,https://www.vlr.gg/player/1856/wedid?timespan=90d,0.936,0.93
jowa,Turtle Troop,1.213,230.24,1.309,152.408,0.786,0.804,0.349,0.088,0.071,1359.0,https://www.vlr.gg/player/19292/jowa?timespan=90d,0.904,0.93
bdog,Turtle Troop,1.034,194.657,0.975,131.176,0.735,0.676,0.408,0.054,0.076,292.0,https://www.vlr.gg/player/844/bdog?timespan=90d,0.941,0.937
Kaoticcc,Turtle Troop,1.038,235.087,1.118,153.225,0.709,0.827,0.182,0.211,0.164,1284.0,https://www.vlr.gg/player/4917/kaoticcc?timespan=90d,0.824,0.939
SiuFatBB,Wolves Esports,0.0,0.0,0.0,0.0,0.0,0.0,0.0,0.0,0.0,0.0,https://www.vlr.gg/player/7849/siufatbb?timespan=90d,1.0,1.0
V1yA,Wolves Esports,0.0,0.0,0.0,0.0,0.0,0.0,0.0,0.0,0.0,0.0,https://www.vlr.gg/player/45104/v1ya?timespan=90d,1.0,1.0
Yuicaw,Wolves Esports,0.0,0.0,0.0,0.0,0.0,0.0,0.0,0.0,0.0,0.0,https://www.vlr.gg/player/11218/yuicaw?timespan=90d,1.0,1.0
Spring,Wolves Esports,0.0,0.0,0.0,0.0,0.0,0.0,0.0,0.0,0.0,0.0,https://www.vlr.gg/player/14125/spring?timespan=90d,1.0,1.0
Lysoar,Wolves Esports,0.0,0.0,0.0,0.0,0.0,0.0,0.0,0.0,0.0,0.0,https://www.vlr.gg/player/37489/lysoar?timespan=90d,1.0,1.0
Juicy,Wolves Esports,1.337,273.313,1.439,182.899,0.755,0.932,0.267,0.169,0.137,203.0,https://www.vlr.gg/player/7426/juicy?timespan=90d,0.97,0.883
ValdyN,Alter Ego,0.989,193.167,0.937,128.431,0.722,0.665,0.386,0.068,0.072,615.0,https://www.vlr.gg/player/7807/valdyn?timespan=90d,0.955,0.822
Nakya,Alter Ego,1.032,221.596,1.07,147.529,0.712,0.785,0.255,0.104,0.125,615.0,https://www.vlr.gg/player/16852/nakya?timespan=90d,0.955,0.821
Cud,Alter Ego,1.026,179.906,1.084,122.771,0.728,0.666,0.189,0.077,0.065,591.0,https://www.vlr.gg/player/2346/cud?timespan=90d,0.955,0.821
ray4c,Alter Ego,0.841,203.403,0.846,129.989,0.67,0.667,0.279,0.17,0.196,629.0,https://www.vlr.gg/player/11666/ray4c?timespan=90d,0.958,0.835
gotten,Alter Ego,1.076,209.145,1.042,135.538,0.739,0.728,0.443,0.079,0.064,615.0,https://www.vlr.gg/player/23710/gotten?timespan=90d,0.955,0.822
Asteriskk,Alter Ego,0.78,142.0,0.71,93.9,0.7,0.5,0.5,0.0,0.2,20.0,https://www.vlr.gg/player/1742/asteriskk?timespan=90d,0.0,0.0
Vera,Disguised,1.038,232.366,1.107,149.392,0.743,0.79,0.288,0.183,0.15,675.0,https://www.vlr.gg/player/24653/vera?timespan=90d,0.966,0.869
STYRON,Disguised,1.053,179.254,1.083,115.821,0.766,0.638,0.393,0.084,0.059,729.0,https://www.vlr.gg/player/11704/styron?timespan=90d,0.955,0.825
crazyguy,Disguised,1.202,232.899,1.295,159.85,0.748,0.811,0.286,0.107,0.072,547.0,https://www.vlr.gg/player/1430/crazyguy?timespan=90d,0.984,0.937
Deryeon,Disguised,1.086,193.683,1.192,126.805,0.748,0.707,0.272,0.089,0.075,658.0,https://www.vlr.gg/player/9152/deryeon?timespan=90d,0.99,0.961
wayne,Disguised,1.168,218.815,1.209,141.481,0.801,0.792,0.507,0.072,0.066,729.0,https://www.vlr.gg/player/24628/wayne?timespan=90d,0.955,0.825
dip,SaD Esports,1.083,210.417,1.09,139.733,0.741,0.72,0.363,0.091,0.075,1537.0,https://www.vlr.gg/player/8397/dip?timespan=90d,0.934,0.93
Dark3st,SaD Esports,1.057,205.358,1.031,131.751,0.719,0.708,0.447,0.094,0.103,2008.0,https://www.vlr.gg/player/6437/dark3st?timespan=90d,0.934,0.93
benjii,SaD Esports,1.044,193.06,1.044,127.465,0.715,0.681,0.302,0.064,0.059,2090.0,https://www.vlr.gg/player/8758/benjii?timespan=90d,0.83,0.94
furbsa,SaD Esports,1.019,210.267,1.122,135.09,0.687,0.769,0.177,0.123,0.14,1633.0,https://www.vlr.gg/player/21886/furbsa?timespan=90d,0.934,0.93
flyuh,KOI,0.729,152.742,0.71,98.104,0.621,0.517,0.399,0.053,0.085,95.0,https://www.vlr.gg/player/3685/flyuh?timespan=90d,0.968,0.963
grubinho,KOI,1.1,225.763,1.062,150.626,0.691,0.802,0.283,0.111,0.09,171.0,https://www.vlr.gg/player/5550/grubinho?timespan=90d,0.963,1.0
sheydos,KOI,1.335,249.579,1.396,171.422,0.774,0.902,0.255,0.111,0.06,171.0,https://www.vlr.gg/player/1428/sheydos?timespan=90d,0.982,1.0
Filu,KOI,0.63,198.5,0.76,124.1,0.62,0.67,0.1,0.1,0.26,42.0,https://www.vlr.gg/player/4544/filu?timespan=90d,1.0,0.957
soulcas,KOI,0.805,181.017,0.719,118.794,0.587,0.621,0.25,0.114,0.103,116.0,https://www.vlr.gg/player/101/soulcas?timespan=90d,0.997,0.987
Zauqk,Next Gen,1.025,198.311,1.039,133.17,0.733,0.688,0.291,0.086,0.089,593.0,https://www.vlr.gg/player/29790/zauqk?timespan=90d,0.955,0.78
Sinaway,Next Gen,1.187,221.705,1.285,147.802,0.749,0.811,0.311,0.105,0.087,489.0,https://www.vlr.gg/player/29821/sinaway?timespan=90d,0.955,0.76
FETA,Next Gen,1.183,241.606,1.225,158.126,0.748,0.833,0.259,0.19,0.121,489.0,https://www.vlr.gg/player/31254/feta?timespan=90d,0.955,0.76
BigE,Next Gen,1.083,203.402,1.013,133.015,0.767,0.694,0.49,0.087,0.08,489.0,https://www.vlr.gg/player/31255/bige?timespan=90d,0.955,0.76
Mihlog,Team Flash,1.118,190.552,1.201,127.74,0.753,0.686,0.274,0.065,0.037,1039.0,https://www.vlr.gg/player/36180/mihlog?timespan=90d,,
bucute,Team Flash,1.268,234.137,1.413,154.512,0.798,0.858,0.336,0.093,0.062,1039.0,https://www.vlr.gg/player/48575/bucute?timespan=90d,,
K1LLERS,Team Flash,1.118,199.758,1.162,132.256,0.771,0.714,0.437,0.06,0.055,1039.0,https://www.vlr.gg/player/8036/k1llers?timespan=90d,1.0,1.0
ting2k5,Team Flash,1.147,260.167,1.261,167.094,0.724,0.91,0.182,0.229,0.184,1039.0,https://www.vlr.gg/player/14213/ting2k5?timespan=90d,0.978,0.912
alyaL,Team Flash,1.12,223.858,1.215,147.389,0.734,0.788,0.323,0.122,0.09,1039.0,https://www.vlr.gg/player/8240/alyal?timespan=90d,1.0,1.0
Boostio,100 Thieves,0.879,186.309,1.057,122.104,0.651,0.672,0.211,0.104,0.12,284.0,https://www.vlr.gg/player/604/boostio?timespan=90d,1.0,1.0
zander,100 Thieves,1.054,237.226,1.068,146.842,0.742,0.809,0.42,0.116,0.096,62.0,https://www.vlr.gg/player/8082/zander?timespan=90d,0.904,0.922
Cryocells,100 Thieves,1.109,220.68,1.132,145.585,0.676,0.797,0.189,0.134,0.136,227.0,https://www.vlr.gg/player/4147/cryocells?timespan=90d,1.0,1.0
eeiu,100 Thieves,0.98,188.081,1.04,126.513,0.63,0.66,0.256,0.047,0.066,62.0,https://www.vlr.gg/player/796/eeiu?timespan=90d,0.952,0.985
Asuna,100 Thieves,0.88,238.0,0.78,150.9,0.73,0.73,0.32,0.24,0.13,62.0,https://www.vlr.gg/player/601/asuna?timespan=90d,1.0,1.0
Rudi,100 Thieves,1.237,231.176,1.289,152.877,0.781,0.803,0.437,0.139,0.133,189.0,https://www.vlr.gg/player/16045/rudi?timespan=90d,,
BugattiVeyron,All Gamers Young,1.038,233.538,0.983,144.131,0.742,0.795,0.181,0.126,0.126,39.0,https://www.vlr.gg/player/49587/bugattiveyron?timespan=90d,1.0,1.0
Kyu,Ambrosia,1.148,214.919,1.176,146.284,0.772,0.753,0.377,0.075,0.053,864.0,https://www.vlr.gg/player/30470/kyu?timespan=90d,0.518,0.977
smiley,Ambrosia,1.117,203.443,1.162,129.835,0.757,0.737,0.387,0.074,0.076,873.0,https://www.vlr.gg/player/13084/smiley?timespan=90d,0.627,0.965
ScrewFace,Ambrosia,0.979,195.584,1.005,130.896,0.714,0.673,0.298,0.111,0.11,1125.0,https://www.vlr.gg/player/3227/screwface?timespan=90d,0.791,0.948
acrian,Ambrosia,1.132,203.452,1.229,134.826,0.757,0.728,0.317,0.078,0.068,1149.0,https://www.vlr.gg/player/24865/acrian?timespan=90d,0.518,0.977
satellite,Ambrosia,1.191,255.12,1.337,159.641,0.737,0.908,0.187,0.219,0.128,1681.0,https://www.vlr.gg/player/29076/satellite?timespan=90d,0.938,0.93
patrickWHO,Global Esports,1.027,235.218,1.097,154.759,0.731,0.835,0.228,0.186,0.177,238.0,https://www.vlr.gg/player/44259/patrickwho?timespan=90d,0.97,0.868
UdoTan,Global Esports,1.095,216.511,1.176,141.161,0.7,0.772,0.215,0.13,0.103,238.0,https://www.vlr.gg/player/4428/udotan?timespan=90d,0.988,0.952
NaturE,Evil Geniuses,0.802,152.618,0.745,99.925,0.684,0.531,0.338,0.035,0.069,227.0,https://www.vlr.gg/player/4927/nature?timespan=90d,0.942,0.975
Derrek,Evil Geniuses,0.952,178.929,0.903,126.724,0.716,0.618,0.326,0.077,0.069,333.0,https://www.vlr.gg/player/1533/derrek?timespan=90d,0.999,0.998
supamen,Evil Geniuses,1.048,204.467,1.028,133.977,0.696,0.731,0.297,0.106,0.063,227.0,https://www.vlr.gg/player/826/supamen?timespan=90d,0.974,0.992
stew,JDG Esports,0.0,0.0,0.0,0.0,0.0,0.0,0.0,0.0,0.0,0.0,https://www.vlr.gg/player/16924/stew?timespan=90d,1.0,1.0
Viva,JDG Esports,0.0,0.0,0.0,0.0,0.0,0.0,0.0,0.0,0.0,0.0,https://www.vlr.gg/player/36415/viva?timespan=90d,1.0,1.0
jkuro,JDG Esports,0.0,0.0,0.0,0.0,0.0,0.0,0.0,0.0,0.0,0.0,https://www.vlr.gg/player/3519/jkuro?timespan=90d,1.0,1.0
Z1yan,JDG Esports,0.0,0.0,0.0,0.0,0.0,0.0,0.0,0.0,0.0,0.0,https://www.vlr.gg/player/41029/z1yan?timespan=90d,1.0,1.0
sword9,JDG Esports,0.0,0.0,0.0,0.0,0.0,0.0,0.0,0.0,0.0,0.0,https://www.vlr.gg/player/3049/sword9?timespan=90d,1.0,1.0
Luca,Delight,1.074,196.764,1.06,128.291,0.748,0.709,0.384,0.071,0.06,471.0,https://www.vlr.gg/player/37393/luca?timespan=90d,0.955,0.84
Chay,Delight,1.095,206.725,1.066,137.461,0.74,0.716,0.41,0.095,0.091,471.0,https://www.vlr.gg/player/31845/chay?timespan=90d,0.791,0.88
g4ll,Delight,0.981,213.078,1.008,135.806,0.698,0.748,0.25,0.148,0.157,344.0,https://www.vlr.gg/player/45852/g4ll?timespan=90d,0.955,0.84
R1va,Delight,0.913,190.122,0.918,124.618,0.699,0.653,0.241,0.121,0.109,471.0,https://www.vlr.gg/player/45853/r1va?timespan=90d,0.955,0.84
flora,Delight,1.084,210.212,1.115,142.889,0.71,0.765,0.237,0.102,0.093,471.0,https://www.vlr.gg/player/47482/flora?timespan=90d,0.955,0.84
Tuna,APAY Academy,0.84,176.282,0.915,118.111,0.625,0.647,0.147,0.089,0.109,386.0,https://www.vlr.gg/player/49532/tuna?timespan=90d,,
Lightning,APAY Academy,0.785,186.695,0.783,126.385,0.618,0.626,0.212,0.115,0.151,367.0,https://www.vlr.gg/player/49529/lightning?timespan=90d,,
Fin,APAY Academy,1.18,215.527,1.136,144.398,0.739,0.769,0.364,0.045,0.041,540.0,https://www.vlr.gg/player/49530/fin?timespan=90d,,
Jose1,APAY Academy,0.927,207.89,0.966,135.052,0.658,0.719,0.23,0.106,0.12,503.0,https://www.vlr.gg/player/49531/jose1?timespan=90d,,
Dylan,APAY Academy,0.961,228.292,1.006,147.938,0.653,0.78,0.181,0.19,0.214,440.0,https://www.vlr.gg/player/49533/dylan?timespan=90d,,
シガレット,APAY Academy,1.098,218.128,1.121,146.76,0.597,0.725,0.342,0.064,0.06,47.0,https://www.vlr.gg/player/49541/?timespan=90d,,
Yatoo,APAY Academy,0.909,177.019,0.848,118.542,0.705,0.603,0.299,0.046,0.028,227.0,https://www.vlr.gg/player/21826/yatoo?timespan=90d,,
LOVE,APAY Academy,0.791,162.762,0.727,106.021,0.651,0.547,0.341,0.047,0.071,397.0,https://www.vlr.gg/player/49569/love?timespan=90d,,
FireBallOps,Nightblood Gaming,1.075,209.026,1.153,138.774,0.724,0.769,0.202,0.087,0.085,1893.0,https://www.vlr.gg/player/10053/fireballops?timespan=90d,0.918,0.93
Kess,Nightblood Gaming,1.204,231.72,1.254,146.476,0.763,0.803,0.398,0.094,0.05,1906.0,https://www.vlr.gg/player/9094/kess?timespan=90d,0.918,0.93
alym,Nightblood Gaming,1.131,247.915,1.199,158.351,0.711,0.873,0.224,0.199,0.174,1374.0,https://www.vlr.gg/player/48025/alym?timespan=90d,0.843,0.938
HUYNH,Fisher Navy,0.948,177.771,0.909,113.053,0.734,0.605,0.439,0.087,0.1,1861.0,https://www.vlr.gg/player/62/huynh?timespan=90d,0.918,0.93
sogo,Fisher Navy,1.039,205.654,1.065,135.366,0.709,0.717,0.293,0.093,0.093,1781.0,https://www.vlr.gg/player/6445/sogo?timespan=90d,0.918,0.93
mindfreak,Paper Rex,1.29,193.0,0.61,127.1,0.53,0.65,0.12,0.0,0.06,17.0,https://www.vlr.gg/player/9800/mindfreak?timespan=90d,1.0,1.0
Jinggg,Paper Rex,1.249,225.14,1.15,178.224,0.748,0.792,0.235,0.106,0.074,597.0,https://www.vlr.gg/player/7378/jinggg?timespan=90d,0.983,1.0
f0rsakeN,Paper Rex,1.309,257.196,1.294,182.413,0.776,0.902,0.281,0.173,0.177,439.0,https://www.vlr.gg/player/9801/f0rsaken?timespan=90d,0.982,1.0
d4v41,Paper Rex,0.0,0.0,0.0,0.0,0.0,0.0,0.0,0.0,0.0,0.0,https://www.vlr.gg/player/9803/d4v41?timespan=90d,1.0,1.0
something,Paper Rex,1.286,219.893,1.26,161.24,0.776,0.779,0.224,0.213,0.109,725.0,https://www.vlr.gg/player/17086/something?timespan=90d,0.983,1.0
Cloud,GIANTX,1.08,202.577,1.049,136.689,0.732,0.721,0.345,0.069,0.062,142.0,https://www.vlr.gg/player/4181/cloud?timespan=90d,1.0,1.0
purp0,GIANTX,1.257,251.746,1.411,165.822,0.707,0.914,0.149,0.201,0.129,402.0,https://www.vlr.gg/player/1885/purp0?timespan=90d,0.956,0.976
runneR,GIANTX,1.142,217.004,1.163,139.601,0.79,0.746,0.467,0.122,0.069,380.0,https://www.vlr.gg/player/21610/runner?timespan=90d,0.975,1.0
westside,GIANTX,1.18,222.637,1.318,147.533,0.757,0.817,0.234,0.07,0.063,513.0,https://www.vlr.gg/player/34684/westside?timespan=90d,0.767,1.0
tomaszy,GIANTX,0.901,185.987,0.876,122.642,0.691,0.636,0.299,0.053,0.123,259.0,https://www.vlr.gg/player/19691/tomaszy?timespan=90d,1.0,0.995
Jamppi,BBL Esports,1.003,178.677,1.012,116.978,0.75,0.647,0.387,0.048,0.072,358.0,https://www.vlr.gg/player/9780/jamppi?timespan=90d,0.982,1.0
sociablEE,BBL Esports,1.177,229.722,1.33,152.022,0.753,0.813,0.268,0.113,0.106,358.0,https://www.vlr.gg/player/5568/sociablee?timespan=90d,0.767,1.0
chiwa,BBL Esports,1.177,216.363,1.298,146.719,0.736,0.775,0.253,0.085,0.06,358.0,https://www.vlr.gg/player/321/chiwa?timespan=90d,0.767,1.0
PROFEK,BBL Esports,1.118,199.447,1.16,129.587,0.761,0.7,0.45,0.104,0.057,358.0,https://www.vlr.gg/player/5554/profek?timespan=90d,0.825,0.968
LewN,BBL Esports,1.08,239.488,1.146,157.379,0.666,0.839,0.171,0.21,0.158,573.0,https://www.vlr.gg/player/20144/lewn?timespan=90d,0.65,1.0
AlMtRoOo3,Onyx Ravens,0.72,160.0,0.56,113.1,0.74,0.47,0.58,0.16,0.05,19.0,https://www.vlr.gg/player/37789/almtrooo3?timespan=90d,0.955,0.818
Srx,Onyx Ravens,1.064,235.018,1.105,152.967,0.674,0.809,0.184,0.18,0.179,979.0,https://www.vlr.gg/player/30503/srx?timespan=90d,0.955,0.82
waleed,Onyx Ravens,1.091,194.889,1.15,127.594,0.729,0.705,0.258,0.065,0.05,979.0,https://www.vlr.gg/player/40014/waleed?timespan=90d,0.955,0.82
Kuro,Onyx Ravens,0.884,174.994,0.859,114.78,0.714,0.614,0.342,0.087,0.083,979.0,https://www.vlr.gg/player/19311/kuro?timespan=90d,0.955,0.82
ACHRF,Onyx Ravens,1.073,211.112,1.069,142.156,0.727,0.731,0.331,0.08,0.069,979.0,https://www.vlr.gg/player/12333/achrf?timespan=90d,0.955,0.82
zMART,Onyx Ravens,1.093,216.332,1.151,144.754,0.717,0.797,0.232,0.114,0.091,960.0,https://www.vlr.gg/player/12331/zmart?timespan=90d,0.955,0.82
OLDERGREG,BITEKI,0.937,158.719,0.855,108.61,0.705,0.56,0.301,0.051,0.055,186.0,https://www.vlr.gg/player/49676/oldergreg?timespan=90d,,
Jiggy,BITEKI,1.044,194.274,0.988,125.06,0.741,0.682,0.406,0.091,0.084,304.0,https://www.vlr.gg/player/48709/jiggy?timespan=90d,0.955,0.76
Spirit,BITEKI,1.122,227.45,1.11,148.731,0.723,0.794,0.26,0.131,0.104,304.0,https://www.vlr.gg/player/33053/spirit?timespan=90d,0.955,0.76
SplatGun,BITEKI,1.103,217.091,1.154,143.135,0.722,0.763,0.381,0.086,0.096,304.0,https://www.vlr.gg/player/45980/splatgun?timespan=90d,0.955,0.76
Jacyn,BITEKI,0.988,217.111,1.014,144.004,0.74,0.759,0.263,0.136,0.137,304.0,https://www.vlr.gg/player/45979/jacyn?timespan=90d,0.955,0.76
sHOW,BITEKI,0.965,203.192,0.914,126.662,0.653,0.705,0.215,0.065,0.068,78.0,https://www.vlr.gg/player/36714/show?timespan=90d,0.955,0.76
ahk,BITEKI,0.67,124.5,0.635,82.75,0.7,0.425,0.425,0.125,0.15,40.0,https://www.vlr.gg/player/49563/ahk?timespan=90d,,
Yusin,Ambitious Legend Gaming GC,0.82,234.2,1.22,123.8,0.7,0.82,0.47,0.1,0.08,226.0,https://www.vlr.gg/player/25415/yusin?timespan=90d,0.4,1.0
JinNy,Ambitious Legend Gaming GC,0.803,158.666,0.987,83.276,0.556,0.565,0.634,0.047,0.028,206.0,https://www.vlr.gg/player/1909/jinny?timespan=90d,0.3,1.0
Muffyn,Ambitious Legend Gaming GC,0.731,266.984,1.273,117.27,0.592,0.942,0.164,0.174,0.208,211.0,https://www.vlr.gg/player/13232/muffyn?timespan=90d,0.3,1.0
Laiyin,Ambitious Legend Gaming GC,0.766,223.92,1.247,115.641,0.641,0.815,0.286,0.074,0.121,226.0,https://www.vlr.gg/player/48160/laiyin?timespan=90d,0.3,1.0
1hp,Ambitious Legend Gaming GC,0.323,157.743,0.819,72.499,0.475,0.534,0.373,0.046,0.112,169.0,https://www.vlr.gg/player/48161/1hp?timespan=90d,0.3,1.0
monSi,Trust In Plug,1.005,175.593,1.012,114.155,0.749,0.611,0.329,0.065,0.066,946.0,https://www.vlr.gg/player/4385/monsi?timespan=90d,0.945,0.936
Teague,Trust In Plug,0.983,163.75,0.92,100.953,0.751,0.574,0.556,0.045,0.056,599.0,https://www.vlr.gg/player/3874/teague?timespan=90d,0.945,0.936
mikeE,Trust In Plug,1.143,235.952,1.241,155.837,0.72,0.834,0.21,0.135,0.116,1127.0,https://www.vlr.gg/player/29688/mikee?timespan=90d,0.954,0.94
Jerrwin,Trust In Plug,1.018,241.462,1.091,153.372,0.698,0.833,0.234,0.19,0.176,2379.0,https://www.vlr.gg/player/34057/jerrwin?timespan=90d,0.937,0.944
bao,Trust In Plug,1.096,213.038,1.137,139.065,0.741,0.765,0.304,0.073,0.071,1820.0,https://www.vlr.gg/player/41877/bao?timespan=90d,0.932,0.942
Meiy,DetonatioN FocusMe,1.09,229.744,1.161,150.638,0.731,0.831,0.158,0.16,0.152,489.0,https://www.vlr.gg/player/6672/meiy?timespan=90d,0.996,0.987
Art,DetonatioN FocusMe,0.968,194.503,0.918,126.886,0.719,0.648,0.305,0.102,0.081,440.0,https://www.vlr.gg/player/10627/art?timespan=90d,0.996,0.984
Jinboong,DetonatioN FocusMe,0.954,190.372,0.959,133.122,0.722,0.676,0.191,0.085,0.087,508.0,https://www.vlr.gg/player/4052/jinboong?timespan=90d,0.99,0.965
Akame,DetonatioN FocusMe,0.987,199.758,0.98,135.297,0.726,0.713,0.415,0.077,0.106,461.0,https://www.vlr.gg/player/13002/akame?timespan=90d,0.99,0.963
gyen,DetonatioN FocusMe,0.898,167.45,0.85,116.215,0.748,0.606,0.342,0.064,0.104,193.0,https://www.vlr.gg/player/48577/gyen?timespan=90d,1.0,1.0
SSeeS,DetonatioN FocusMe,0.86,153.0,1.08,84.6,0.81,0.62,0.24,0.1,0.05,21.0,https://www.vlr.gg/player/21438/ssees?timespan=90d,0.997,0.991
valyn,G2 Esports,1.1,211.332,1.161,137.971,0.742,0.753,0.348,0.085,0.118,410.0,https://www.vlr.gg/player/3885/valyn?timespan=90d,0.983,0.998
jawgemo,G2 Esports,1.205,260.709,1.279,165.832,0.736,0.908,0.271,0.185,0.152,466.0,https://www.vlr.gg/player/3993/jawgemo?timespan=90d,0.984,1.0
trent,G2 Esports,1.245,233.633,1.255,155.667,0.747,0.803,0.357,0.089,0.08,583.0,https://www.vlr.gg/player/15500/trent?timespan=90d,0.966,1.0
JonahP,G2 Esports,0.884,164.046,0.823,109.224,0.751,0.551,0.467,0.058,0.095,314.0,https://www.vlr.gg/player/4581/jonahp?timespan=90d,0.983,0.998
leaf,G2 Esports,1.129,228.041,1.156,144.14,0.703,0.779,0.298,0.14,0.113,413.0,https://www.vlr.gg/player/7873/leaf?timespan=90d,0.982,0.998
karam1l,DUPG Esports,1.195,242.028,1.258,162.106,0.698,0.881,0.166,0.132,0.088,870.0,https://www.vlr.gg/player/30286/karam1l?timespan=90d,,
HyBr1D,DUPG Esports,0.923,170.171,0.971,114.435,0.715,0.62,0.342,0.026,0.098,168.0,https://www.vlr.gg/player/17294/hybr1d?timespan=90d,,
AceStaRRRRR,DUPG Esports,0.934,187.244,0.879,126.214,0.709,0.637,0.335,0.081,0.08,762.0,https://www.vlr.gg/player/31355/acestarrrrr?timespan=90d,,
Envy2K,DUPG Esports,1.058,248.183,1.111,153.824,0.683,0.862,0.212,0.185,0.167,739.0,https://www.vlr.gg/player/46104/envy2k?timespan=90d,,
Disease,DUPG Esports,0.869,149.44,0.776,98.47,0.695,0.545,0.414,0.039,0.093,694.0,https://www.vlr.gg/player/43390/disease?timespan=90d,,
Rarga,Xi Lai Gaming,0.0,0.0,0.0,0.0,0.0,0.0,0.0,0.0,0.0,0.0,https://www.vlr.gg/player/22047/rarga?timespan=90d,0.996,0.982
happywei,Xi Lai Gaming,0.0,0.0,0.0,0.0,0.0,0.0,0.0,0.0,0.0,0.0,https://www.vlr.gg/player/37927/happywei?timespan=90d,0.998,0.989
MrCANI,Xi Lai Gaming,0.0,0.0,0.0,0.0,0.0,0.0,0.0,0.0,0.0,0.0,https://www.vlr.gg/player/37674/mrcani?timespan=90d,1.0,1.0
MarT1n,Xi Lai Gaming,0.0,0.0,0.0,0.0,0.0,0.0,0.0,0.0,0.0,0.0,https://www.vlr.gg/player/36668/mart1n?timespan=90d,1.0,1.0
coconut,Xi Lai Gaming,0.0,0.0,0.0,0.0,0.0,0.0,0.0,0.0,0.0,0.0,https://www.vlr.gg/player/12365/coconut?timespan=90d,1.0,1.0
YOU,Xi Lai Gaming,0.0,0.0,0.0,0.0,0.0,0.0,0.0,0.0,0.0,0.0,https://www.vlr.gg/player/4710/you?timespan=90d,1.0,1.0
ZiXuan,Xi Lai Gaming,0.928,186.525,0.881,128.263,0.741,0.598,0.475,0.097,0.092,251.0,https://www.vlr.gg/player/4763/zixuan?timespan=90d,1.0,1.0
Minimise,JiJieHao,1.038,212.891,1.13,134.582,0.775,0.752,0.42,0.125,0.121,649.0,https://www.vlr.gg/player/5228/minimise?timespan=90d,1.0,1.0
Dragon,JiJieHao,1.203,225.986,1.334,151.308,0.739,0.826,0.279,0.12,0.074,649.0,https://www.vlr.gg/player/6659/dragon?timespan=90d,0.978,0.912
LEW,JiJieHao,1.147,241.125,1.3,158.376,0.752,0.848,0.219,0.167,0.098,649.0,https://www.vlr.gg/player/1062/lew?timespan=90d,0.978,0.912
IKANA,JiJieHao,1.072,195.571,1.154,131.276,0.73,0.685,0.311,0.056,0.065,597.0,https://www.vlr.gg/player/26310/ikana?timespan=90d,0.955,0.8
tixx,JiJieHao,1.17,221.068,1.252,143.499,0.79,0.777,0.433,0.12,0.051,611.0,https://www.vlr.gg/player/12968/tixx?timespan=90d,0.955,0.84
punda,JiJieHao,1.074,223.459,1.049,156.664,0.701,0.755,0.376,0.088,0.084,237.0,https://www.vlr.gg/player/3294/punda?timespan=90d,,
FinestQueue,Blue Eyes White Dragon,0.876,181.673,0.913,117.426,0.684,0.638,0.144,0.064,0.09,113.0,https://www.vlr.gg/player/48694/finestqueue?timespan=90d,,
Vuxqt,Blue Eyes White Dragon,0.98,197.75,0.935,131.492,0.726,0.686,0.404,0.084,0.069,923.0,https://www.vlr.gg/player/48696/vuxqt?timespan=90d,,
Migod,Blue Eyes White Dragon,0.97,217.621,0.961,142.704,0.688,0.731,0.269,0.148,0.163,889.0,https://www.vlr.gg/player/48697/migod?timespan=90d,,
Storm,Blue Eyes White Dragon,1.208,228.615,1.298,153.032,0.7,0.829,0.145,0.07,0.06,867.0,https://www.vlr.gg/player/26528/storm?timespan=90d,,
KhoiBeo,Blue Eyes White Dragon,0.972,180.826,0.966,121.632,0.706,0.657,0.238,0.075,0.08,861.0,https://www.vlr.gg/player/49559/khoibeo?timespan=90d,,
Pricckk,Blue Eyes White Dragon,0.946,192.903,0.949,124.497,0.691,0.677,0.311,0.101,0.145,923.0,https://www.vlr.gg/player/48695/pricckk?timespan=90d,,
madv,Team Falcons Vega,1.311,251.867,1.42,164.971,0.79,0.898,0.347,0.109,0.076,810.0,https://www.vlr.gg/player/29903/madv?timespan=90d,0.3,1.0
Toki,Team Falcons Vega,1.081,195.228,1.088,129.495,0.742,0.681,0.403,0.076,0.079,961.0,https://www.vlr.gg/player/20055/toki?timespan=90d,0.3,1.0
eva,Team Falcons Vega,0.953,175.601,1.067,114.886,0.724,0.64,0.21,0.026,0.04,240.0,https://www.vlr.gg/player/19371/eva?timespan=90d,0.3,1.0
Sandra,Team Falcons Vega,0.745,169.008,0.85,111.648,0.688,0.613,0.205,0.063,0.092,128.0,https://www.vlr.gg/player/29900/sandra?timespan=90d,0.3,1.0
Mary,Team Falcons Vega,1.145,250.004,1.282,160.929,0.708,0.886,0.188,0.2,0.162,810.0,https://www.vlr.gg/player/17333/mary?timespan=90d,0.3,1.0
Huntr,club penguin,1.006,183.0,1.031,113.318,0.705,0.729,0.387,0.044,0.158,44.0,https://www.vlr.gg/player/15961/huntr?timespan=90d,,
pyua,BarackObamaPizza,0.865,161.765,0.797,110.919,0.667,0.545,0.315,0.083,0.12,255.0,https://www.vlr.gg/player/1773/pyua?timespan=90d,0.955,0.76
fusion,club penguin,1.13,223.161,1.124,146.165,0.741,0.778,0.313,0.07,0.065,255.0,https://www.vlr.gg/player/44691/fusion?timespan=90d,0.955,0.76
Zetik,club penguin,0.965,173.364,0.804,110.609,0.684,0.592,0.409,0.067,0.0,44.0,https://www.vlr.gg/player/14348/zetik?timespan=90d,,
oj,club penguin,0.912,180.469,0.845,122.741,0.734,0.585,0.329,0.082,0.101,211.0,https://www.vlr.gg/player/1775/oj?timespan=90d,0.955,0.76
Mundy,club penguin,1.082,241.783,1.115,161.073,0.694,0.836,0.218,0.164,0.125,211.0,https://www.vlr.gg/player/2597/mundy?timespan=90d,0.955,0.76
wodz,club penguin,1.048,224.089,1.064,148.157,0.7,0.774,0.31,0.119,0.11,255.0,https://www.vlr.gg/player/33920/wodz?timespan=90d,0.955,0.76
Ninebody,TYLOO,0.0,0.0,0.0,0.0,0.0,0.0,0.0,0.0,0.0,0.0,https://www.vlr.gg/player/3547/ninebody?timespan=90d,1.0,1.0
hfmi0dzjc9z7,TYLOO,0.0,0.0,0.0,0.0,0.0,0.0,0.0,0.0,0.0,0.0,https://www.vlr.gg/player/7135/hfmi0dzjc9z7?timespan=90d,1.0,1.0
Eren,TYLOO,0.0,0.0,0.0,0.0,0.0,0.0,0.0,0.0,0.0,0.0,https://www.vlr.gg/player/14444/eren?timespan=90d,1.0,1.0
LuoK1ng,Trace Esports,0.906,189.984,1.004,122.125,0.679,0.658,0.428,0.046,0.058,515.0,https://www.vlr.gg/player/3045/luok1ng?timespan=90d,1.0,1.0
Kai,Trace Esports,0.0,0.0,0.0,0.0,0.0,0.0,0.0,0.0,0.0,0.0,https://www.vlr.gg/player/37494/kai?timespan=90d,1.0,1.0
FengF,Trace Esports,1.193,203.731,0.977,159.586,0.686,0.709,0.206,0.115,0.122,498.0,https://www.vlr.gg/player/4770/fengf?timespan=90d,1.0,1.0
heybay,Trace Esports,0.54,161.223,0.805,75.875,0.599,0.563,0.451,0.047,0.123,347.0,https://www.vlr.gg/player/4712/heybay?timespan=90d,1.0,1.0
Biank,Trace Esports,0.761,182.951,0.844,107.148,0.628,0.598,0.342,0.064,0.178,515.0,https://www.vlr.gg/player/3021/biank?timespan=90d,1.0,1.0
johnqt,Sentinels,1.032,180.476,1.083,120.089,0.739,0.638,0.367,0.039,0.064,682.0,https://www.vlr.gg/player/1265/johnqt?timespan=90d,0.999,0.998
N4RRATE,Sentinels,1.076,217.44,1.107,142.304,0.719,0.747,0.304,0.101,0.096,626.0,https://www.vlr.gg/player/36245/n4rrate?timespan=90d,0.997,0.993
bang,Sentinels,1.134,212.496,1.166,135.674,0.766,0.772,0.384,0.084,0.079,461.0,https://www.vlr.gg/player/3880/bang?timespan=90d,1.0,1.0
Zellsis,Sentinels,0.994,188.535,0.979,121.007,0.746,0.648,0.472,0.079,0.092,741.0,https://www.vlr.gg/player/729/zellsis?timespan=90d,0.999,0.998
zekken,Sentinels,1.199,258.555,1.327,159.073,0.729,0.923,0.223,0.192,0.148,682.0,https://www.vlr.gg/player/4004/zekken?timespan=90d,0.999,0.998
Reduxx,Cubert Academy,1.14,234.175,1.205,151.907,0.749,0.837,0.277,0.151,0.144,327.0,https://www.vlr.gg/player/8419/reduxx?timespan=90d,0.961,0.95
nobody,EDward Gaming,0.686,179.441,0.803,104.705,0.64,0.606,0.227,0.051,0.12,177.0,https://www.vlr.gg/player/3017/nobody?timespan=90d,1.0,1.0
S1Mon,EDward Gaming,0.762,168.819,0.795,93.377,0.555,0.592,0.435,0.031,0.135,221.0,https://www.vlr.gg/player/13768/s1mon?timespan=90d,1.0,1.0
ZmjjKK,EDward Gaming,0.0,0.0,0.0,0.0,0.0,0.0,0.0,0.0,0.0,0.0,https://www.vlr.gg/player/3520/zmjjkk?timespan=90d,1.0,1.0
CHICHOO,EDward Gaming,0.739,187.753,1.034,96.961,0.562,0.697,0.142,0.05,0.125,162.0,https://www.vlr.gg/player/15559/chichoo?timespan=90d,1.0,1.0
Smoggy,EDward Gaming,0.0,0.0,0.0,0.0,0.0,0.0,0.0,0.0,0.0,0.0,https://www.vlr.gg/player/4742/smoggy?timespan=90d,1.0,1.0
stax,T1,1.054,183.074,1.085,124.282,0.781,0.637,0.482,0.058,0.035,423.0,https://www.vlr.gg/player/485/stax?timespan=90d,0.999,0.996
Meteor,T1,1.083,216.916,1.221,145.694,0.703,0.786,0.21,0.103,0.122,423.0,https://www.vlr.gg/player/13039/meteor?timespan=90d,0.999,0.997
Sylvan,T1,1.082,184.929,1.046,120.999,0.817,0.653,0.557,0.065,0.06,423.0,https://www.vlr.gg/player/4056/sylvan?timespan=90d,0.998,0.995
BuZz,T1,1.148,239.345,1.268,149.253,0.736,0.834,0.157,0.206,0.135,423.0,https://www.vlr.gg/player/804/buzz?timespan=90d,0.999,0.996
iZu,T1,1.153,210.604,1.25,135.559,0.767,0.751,0.324,0.117,0.097,423.0,https://www.vlr.gg/player/29833/izu?timespan=90d,0.997,0.991
NOVAE,Rub n' Pug,1.045,210.018,1.045,140.647,0.682,0.769,0.138,0.12,0.112,401.0,https://www.vlr.gg/player/36676/novae?timespan=90d,0.955,0.76
gon,Nemesis,0.789,169.705,0.695,114.048,0.652,0.524,0.403,0.074,0.147,149.0,https://www.vlr.gg/player/43115/gon?timespan=90d,,
WisdomCats,Tiny Turtle Squad,0.847,170.139,0.741,114.893,0.662,0.537,0.366,0.044,0.052,115.0,https://www.vlr.gg/player/43169/wisdomcats?timespan=90d,,
Zeo,Tiny Turtle Squad,1.007,201.68,0.973,135.12,0.735,0.706,0.268,0.067,0.04,75.0,https://www.vlr.gg/player/49800/zeo?timespan=90d,,
Estrella,Rex Regum Qeon,0.916,175.838,1.005,115.475,0.67,0.605,0.471,0.036,0.045,201.0,https://www.vlr.gg/player/25025/estrella?timespan=90d,0.991,0.974
Monyet,Rex Regum Qeon,1.29,234.342,1.072,173.471,0.779,0.817,0.326,0.136,0.092,291.0,https://www.vlr.gg/player/8497/monyet?timespan=90d,0.998,0.991
xffero,Rex Regum Qeon,0.995,211.233,1.088,138.428,0.697,0.767,0.238,0.086,0.075,219.0,https://www.vlr.gg/player/4871/xffero?timespan=90d,0.996,0.985
Jemkin,Rex Regum Qeon,0.752,221.444,1.299,117.442,0.631,0.819,0.184,0.091,0.154,216.0,https://www.vlr.gg/player/24895/jemkin?timespan=90d,0.991,0.969
Kushy,Rex Regum Qeon,0.959,208.278,1.067,127.898,0.7,0.759,0.23,0.109,0.124,258.0,https://www.vlr.gg/player/4866/kushy?timespan=90d,0.971,0.887
FiNESSE,NRG Esports,0.884,158.868,0.873,103.871,0.714,0.554,0.273,0.055,0.063,498.0,https://www.vlr.gg/player/817/finesse?timespan=90d,0.999,0.996
s0m,NRG Esports,1.103,202.552,1.101,130.126,0.752,0.728,0.474,0.089,0.066,498.0,https://www.vlr.gg/player/4164/s0m?timespan=90d,1.0,1.0
Verno,NRG Esports,1.343,228.492,1.61,150.47,0.784,0.834,0.307,0.09,0.052,498.0,https://www.vlr.gg/player/21668/verno?timespan=90d,0.969,0.957
mada,NRG Esports,1.044,225.812,1.117,143.551,0.723,0.775,0.216,0.211,0.183,551.0,https://www.vlr.gg/player/5132/mada?timespan=90d,0.977,0.971
Ethan,NRG Esports,1.085,197.269,1.055,128.903,0.76,0.675,0.474,0.095,0.082,498.0,https://www.vlr.gg/player/11225/ethan?timespan=90d,1.0,1.0
ArPoom,Team NKT Academy,1.115,195.649,1.125,136.46,0.794,0.707,0.359,0.066,0.079,455.0,https://www.vlr.gg/player/12291/arpoom?timespan=90d,0.955,0.802
socools0da,Team NKT Academy,1.091,215.182,1.199,142.015,0.733,0.757,0.237,0.122,0.072,455.0,https://www.vlr.gg/player/16977/socools0da?timespan=90d,0.955,0.802
Vickyz,Team NKT Academy,0.94,216.279,1.006,137.313,0.705,0.754,0.244,0.164,0.172,455.0,https://www.vlr.gg/player/25535/vickyz?timespan=90d,,
D4rf,Team NKT Academy,1.234,225.147,1.252,142.949,0.806,0.791,0.528,0.096,0.076,455.0,https://www.vlr.gg/player/27225/d4rf?timespan=90d,,
LoRangeZ,Team NKT Academy,1.182,210.78,1.214,136.021,0.769,0.755,0.468,0.096,0.065,455.0,https://www.vlr.gg/player/31498/lorangez?timespan=90d,,
nizhaoTZH,Dragon Ranger Gaming,0.0,0.0,0.0,0.0,0.0,0.0,0.0,0.0,0.0,0.0,https://www.vlr.gg/player/4880/nizhaotzh?timespan=90d,0.999,0.994
vo0kashu,Dragon Ranger Gaming,0.0,0.0,0.0,0.0,0.0,0.0,0.0,0.0,0.0,0.0,https://www.vlr.gg/player/3741/vo0kashu?timespan=90d,1.0,1.0
Shion7,Dragon Ranger Gaming,0.0,0.0,0.0,0.0,0.0,0.0,0.0,0.0,0.0,0.0,https://www.vlr.gg/player/41774/shion7?timespan=90d,1.0,1.0
Cangshu,Dragon Ranger Gaming,0.0,0.0,0.0,0.0,0.0,0.0,0.0,0.0,0.0,0.0,https://www.vlr.gg/player/46527/cangshu?timespan=90d,1.0,1.0
Nicc,Dragon Ranger Gaming,0.0,0.0,0.0,0.0,0.0,0.0,0.0,0.0,0.0,0.0,https://www.vlr.gg/player/11524/nicc?timespan=90d,1.0,1.0
TvirusLuke,Dragon Ranger Gaming,0.0,0.0,0.0,0.0,0.0,0.0,0.0,0.0,0.0,0.0,https://www.vlr.gg/player/7841/tvirusluke?timespan=90d,1.0,1.0
SpiritZ1,Dragon Ranger Gaming,0.0,0.0,0.0,0.0,0.0,0.0,0.0,0.0,0.0,0.0,https://www.vlr.gg/player/31753/spiritz1?timespan=90d,1.0,1.0
fiziq,YFP Gaming,0.962,188.947,0.896,126.009,0.689,0.619,0.338,0.09,0.084,516.0,https://www.vlr.gg/player/739/fiziq?timespan=90d,0.932,0.934
jakee,YFP Gaming,1.123,229.873,1.188,143.104,0.76,0.818,0.383,0.112,0.087,1746.0,https://www.vlr.gg/player/8742/jakee?timespan=90d,0.915,0.937
stellar,YFP Gaming,1.046,189.049,1.062,123.373,0.745,0.675,0.34,0.05,0.054,752.0,https://www.vlr.gg/player/733/stellar?timespan=90d,0.933,0.939
penny,YFP Gaming,1.062,235.156,1.12,153.08,0.704,0.801,0.224,0.198,0.168,822.0,https://www.vlr.gg/player/7716/penny?timespan=90d,0.929,0.934
thief,YFP Gaming,1.077,207.408,1.129,138.02,0.72,0.757,0.235,0.092,0.086,822.0,https://www.vlr.gg/player/69/thief?timespan=90d,0.947,0.951
123,Reckoning Esports,1.169,256.094,1.19,170.383,0.73,0.89,0.27,0.146,0.11,600.0,https://www.vlr.gg/player/40912/123?timespan=90d,0.955,0.78
kibojn,Reckoning Esports,1.047,191.846,1.035,119.866,0.716,0.698,0.405,0.061,0.062,572.0,https://www.vlr.gg/player/19231/kibojn?timespan=90d,,
aplycs,Reckoning Esports,1.007,186.767,0.971,128.573,0.713,0.661,0.275,0.058,0.051,730.0,https://www.vlr.gg/player/44919/aplycs?timespan=90d,0.955,0.825
Mojo,Reckoning Esports,0.884,168.311,0.833,109.065,0.692,0.575,0.388,0.062,0.099,753.0,https://www.vlr.gg/player/8156/mojo?timespan=90d,0.955,0.825
Deadly10,Reckoning Esports,1.072,235.586,1.087,150.474,0.705,0.827,0.205,0.2,0.178,980.0,https://www.vlr.gg/player/18702/deadly10?timespan=90d,,
Garv,Reckoning Esports,0.916,180.368,0.914,119.403,0.7,0.648,0.26,0.085,0.088,299.0,https://www.vlr.gg/player/43408/garv?timespan=90d,,
ghostxD,Reckoning Esports,0.851,167.576,0.844,109.682,0.679,0.593,0.306,0.065,0.065,753.0,https://www.vlr.gg/player/48426/ghostxd?timespan=90d,,
BlackWiz,NOEZ FOXX,1.04,185.995,1.016,124.951,0.766,0.669,0.451,0.057,0.078,485.0,https://www.vlr.gg/player/7888/blackwiz?timespan=90d,0.955,0.84
Esperanza,NOEZ FOXX,0.954,196.098,1.06,128.249,0.711,0.722,0.172,0.103,0.104,485.0,https://www.vlr.gg/player/1952/esperanza?timespan=90d,0.955,0.85
thiefy,NOEZ FOXX,1.055,199.888,1.07,131.949,0.731,0.705,0.299,0.117,0.096,485.0,https://www.vlr.gg/player/6676/thiefy?timespan=90d,0.955,0.84
marin,NOEZ FOXX,1.151,216.086,1.21,143.491,0.748,0.769,0.339,0.083,0.08,485.0,https://www.vlr.gg/player/1027/marin?timespan=90d,0.955,0.84
eKo,NOEZ FOXX,1.191,261.674,1.237,166.194,0.765,0.876,0.3,0.165,0.124,485.0,https://www.vlr.gg/player/1960/eko?timespan=90d,0.994,0.978
dos9,BOOM Esports,1.068,196.708,1.029,127.519,0.796,0.705,0.516,0.064,0.039,185.0,https://www.vlr.gg/player/16215/dos9?timespan=90d,0.982,0.93
Famouz,BOOM Esports,1.046,235.264,1.046,149.791,0.73,0.804,0.222,0.167,0.132,453.0,https://www.vlr.gg/player/2348/famouz?timespan=90d,0.966,0.866
Shiro,BOOM Esports,1.068,207.92,1.016,139.674,0.738,0.695,0.46,0.106,0.096,534.0,https://www.vlr.gg/player/10739/shiro?timespan=90d,0.965,0.863
NcSlasher,BOOM Esports,1.049,204.374,1.089,128.402,0.787,0.74,0.357,0.106,0.076,534.0,https://www.vlr.gg/player/7043/ncslasher?timespan=90d,0.963,0.856
BerserX,BOOM Esports,1.111,208.971,1.193,140.774,0.74,0.753,0.229,0.085,0.091,534.0,https://www.vlr.gg/player/4874/berserx?timespan=90d,0.965,0.863
saadhak,Karmine Corp,0.886,170.279,0.813,123.264,0.648,0.542,0.275,0.149,0.096,80.0,https://www.vlr.gg/player/727/saadhak?timespan=90d,1.0,1.0
Avez,Karmine Corp,0.942,188.891,0.875,122.265,0.787,0.65,0.412,0.091,0.027,80.0,https://www.vlr.gg/player/5654/avez?timespan=90d,0.978,0.881
Elite,Karmine Corp,1.147,231.562,1.396,148.325,0.676,0.847,0.202,0.088,0.099,80.0,https://www.vlr.gg/player/16459/elite?timespan=90d,1.0,0.993
SUYGETSU,Karmine Corp,1.084,185.775,1.134,123.148,0.701,0.673,0.289,0.061,0.064,80.0,https://www.vlr.gg/player/2858/suygetsu?timespan=90d,1.0,1.0
marteen,Karmine Corp,1.231,253.955,1.362,163.827,0.741,0.903,0.253,0.156,0.117,306.0,https://www.vlr.gg/player/10307/marteen?timespan=90d,0.953,1.0
meL,Shopify Rebellion,1.178,214.978,1.358,138.23,0.792,0.754,0.429,0.12,0.095,744.0,https://www.vlr.gg/player/3063/mel?timespan=90d,0.3,1.0
alexis,Shopify Rebellion,1.028,159.687,1.009,102.777,0.793,0.563,0.591,0.042,0.067,917.0,https://www.vlr.gg/player/3079/alexis?timespan=90d,0.325,0.997
Noia,Shopify Rebellion,1.213,221.908,1.476,147.63,0.761,0.816,0.223,0.102,0.076,744.0,https://www.vlr.gg/player/17397/noia?timespan=90d,0.332,0.996
sarahcat,Shopify Rebellion,1.205,227.344,1.36,148.568,0.806,0.796,0.325,0.092,0.057,958.0,https://www.vlr.gg/player/21486/sarahcat?timespan=90d,0.3,1.0
Ri0,True Rippers,0.855,162.327,0.817,109.091,0.696,0.573,0.285,0.088,0.076,619.0,https://www.vlr.gg/player/3502/ri0?timespan=90d,,
Marcai,True Rippers,0.966,224.635,0.99,145.73,0.704,0.778,0.191,0.174,0.177,619.0,https://www.vlr.gg/player/46121/marcai?timespan=90d,,
BatmaN,True Rippers,0.807,154.588,0.783,100.705,0.669,0.58,0.249,0.05,0.079,264.0,https://www.vlr.gg/player/40057/batman?timespan=90d,,
R0meo,True Rippers,0.908,180.06,0.932,117.886,0.728,0.63,0.228,0.134,0.094,355.0,https://www.vlr.gg/player/46048/r0meo?timespan=90d,,
WAT,True Rippers,1.14,234.367,1.185,150.613,0.758,0.847,0.35,0.093,0.071,619.0,https://www.vlr.gg/player/1770/wat?timespan=90d,0.955,0.825
RvK,True Rippers,1.047,200.664,1.058,132.101,0.702,0.711,0.278,0.067,0.074,619.0,https://www.vlr.gg/player/12323/rvk?timespan=90d,,
artzin,MIBR,1.004,207.549,1.028,131.882,0.729,0.709,0.308,0.129,0.095,323.0,https://www.vlr.gg/player/5957/artzin?timespan=90d,0.963,0.995
xenom,MIBR,0.9,162.233,0.914,100.703,0.715,0.567,0.333,0.082,0.087,218.0,https://www.vlr.gg/player/20240/xenom?timespan=90d,1.0,0.94
cortezia,MIBR,1.107,216.772,1.292,146.541,0.719,0.808,0.108,0.112,0.108,218.0,https://www.vlr.gg/player/5395/cortezia?timespan=90d,1.0,0.95
nzr,MIBR,0.928,171.662,0.959,118.642,0.7,0.623,0.26,0.046,0.063,323.0,https://www.vlr.gg/player/725/nzr?timespan=90d,0.983,0.998
aspas,MIBR,1.331,254.373,1.505,166.238,0.79,0.912,0.16,0.195,0.105,218.0,https://www.vlr.gg/player/8480/aspas?timespan=90d,1.0,0.998
RIPablo,IGZIST,0.96,169.542,0.949,104.54,0.75,0.611,0.425,0.046,0.057,780.0,https://www.vlr.gg/player/1973/ripablo?timespan=90d,0.955,0.84
popogachi,IGZIST,1.333,270.801,1.444,177.935,0.746,0.927,0.312,0.124,0.096,780.0,https://www.vlr.gg/player/2671/popogachi?timespan=90d,0.97,0.893
Yamada,IGZIST,1.013,188.391,0.983,123.553,0.748,0.658,0.5,0.063,0.086,780.0,https://www.vlr.gg/player/44613/yamada?timespan=90d,0.955,0.84
oitaN,IGZIST,1.106,199.495,1.181,137.359,0.731,0.721,0.233,0.088,0.061,780.0,https://www.vlr.gg/player/1971/oitan?timespan=90d,0.955,0.84
Frxeez,IGZIST,0.954,216.863,1.008,137.786,0.715,0.748,0.214,0.185,0.198,780.0,https://www.vlr.gg/player/47481/frxeez?timespan=90d,0.955,0.84
Munchkin,Gen.G,1.149,207.554,1.092,138.774,0.724,0.693,0.434,0.089,0.085,587.0,https://www.vlr.gg/player/2489/munchkin?timespan=90d,1.0,1.0
Foxy9,Gen.G,0.88,191.268,0.928,124.013,0.69,0.663,0.181,0.095,0.107,587.0,https://www.vlr.gg/player/11600/foxy9?timespan=90d,1.0,1.0
t3xture,Gen.G,1.044,229.016,1.138,143.204,0.728,0.825,0.158,0.18,0.173,634.0,https://www.vlr.gg/player/9196/t3xture?timespan=90d,1.0,1.0
yoman,Gen.G,1.065,175.637,0.989,124.079,0.744,0.621,0.29,0.056,0.063,634.0,https://www.vlr.gg/player/25081/yoman?timespan=90d,1.0,1.0
Karon,Gen.G,1.112,193.143,1.132,118.64,0.738,0.704,0.392,0.086,0.059,634.0,https://www.vlr.gg/player/34974/karon?timespan=90d,1.0,1.0
Boaster,FNATIC,0.738,136.541,0.681,94.531,0.613,0.48,0.297,0.062,0.1,216.0,https://www.vlr.gg/player/438/boaster?timespan=90d,1.0,1.0
crashies,FNATIC,0.83,144.5,0.71,98.6,0.69,0.49,0.35,0.1,0.06,49.0,https://www.vlr.gg/player/4/crashies?timespan=90d,0.999,0.996
kaajak,FNATIC,0.92,192.113,0.949,127.423,0.68,0.688,0.184,0.107,0.143,142.0,https://www.vlr.gg/player/9554/kaajak?timespan=90d,0.994,0.974
Chronicle,FNATIC,1.058,209.331,1.092,146.712,0.753,0.717,0.233,0.07,0.077,142.0,https://www.vlr.gg/player/458/chronicle?timespan=90d,1.0,1.0
Alfajer,FNATIC,1.269,284.113,1.339,182.149,0.754,0.968,0.188,0.241,0.127,142.0,https://www.vlr.gg/player/9810/alfajer?timespan=90d,1.0,1.0
mimi,G2 Gozen,0.897,164.236,0.863,108.189,0.729,0.571,0.359,0.047,0.07,891.0,https://www.vlr.gg/player/17323/mimi?timespan=90d,0.37,1.0
rezq,G2 Gozen,0.991,245.225,1.09,155.227,0.691,0.847,0.18,0.235,0.228,505.0,https://www.vlr.gg/player/36175/rezq?timespan=90d,0.341,1.0
amy,G2 Gozen,0.947,185.723,1.006,124.029,0.701,0.666,0.207,0.063,0.069,678.0,https://www.vlr.gg/player/24149/amy?timespan=90d,0.335,1.0
Vania,G2 Gozen,1.178,202.362,1.205,127.944,0.789,0.713,0.454,0.071,0.044,718.0,https://www.vlr.gg/player/20064/vania?timespan=90d,0.332,1.0
Petra,G2 Gozen,0.931,188.278,0.929,125.851,0.708,0.659,0.278,0.092,0.111,505.0,https://www.vlr.gg/player/17320/petra?timespan=90d,0.411,1.0
ness,GIANTX GC,1.082,187.146,1.059,128.586,0.737,0.644,0.333,0.033,0.048,643.0,https://www.vlr.gg/player/17343/ness?timespan=90d,0.3,1.0
Smurfette,GIANTX GC,0.999,227.592,1.068,146.435,0.682,0.794,0.187,0.192,0.168,643.0,https://www.vlr.gg/player/16418/smurfette?timespan=90d,0.3,1.0
Joliinaa,GIANTX GC,1.088,212.194,1.131,139.632,0.757,0.738,0.396,0.09,0.076,708.0,https://www.vlr.gg/player/26632/joliinaa?timespan=90d,0.3,1.0
sarah,GIANTX GC,0.938,174.137,0.89,113.416,0.711,0.609,0.368,0.061,0.073,657.0,https://www.vlr.gg/player/24107/sarah?timespan=90d,0.378,1.0
Miyori,GIANTX GC,0.894,195.797,0.948,132.142,0.682,0.682,0.169,0.127,0.134,685.0,https://www.vlr.gg/player/24101/miyori?timespan=90d,0.3,1.0
theia,FlyQuest RED,0.921,165.654,0.843,108.182,0.722,0.575,0.401,0.079,0.072,633.0,https://www.vlr.gg/player/17/theia?timespan=90d,0.3,1.0
evv,FlyQuest RED,1.046,209.789,1.102,137.115,0.738,0.752,0.288,0.068,0.072,1104.0,https://www.vlr.gg/player/33694/evv?timespan=90d,0.3,1.0
sonder,FlyQuest RED,0.968,213.061,0.995,133.975,0.735,0.738,0.333,0.115,0.119,683.0,https://www.vlr.gg/player/8849/sonder?timespan=90d,0.3,1.0
StarBound,FlyQuest RED,1.087,217.963,1.19,140.149,0.735,0.788,0.195,0.114,0.079,891.0,https://www.vlr.gg/player/8329/starbound?timespan=90d,0.3,1.0
dodonut,FlyQuest RED,1.193,232.79,1.227,155.637,0.754,0.812,0.223,0.157,0.116,776.0,https://www.vlr.gg/player/9185/dodonut?timespan=90d,0.3,1.0
Jovi,FlyQuest RED,1.041,186.64,1.02,124.188,0.717,0.656,0.322,0.064,0.098,240.0,https://www.vlr.gg/player/6570/jovi?timespan=90d,,
Alexy,Xipto Esports,1.169,218.68,1.327,146.527,0.753,0.775,0.281,0.118,0.121,611.0,https://www.vlr.gg/player/16621/alexy?timespan=90d,0.3,1.0
enerii,Xipto Esports,0.97,221.653,1.012,143.385,0.672,0.77,0.223,0.182,0.183,611.0,https://www.vlr.gg/player/8176/enerii?timespan=90d,0.3,1.0
Kamiyu,Xipto Esports,1.092,211.048,1.092,139.896,0.729,0.73,0.44,0.065,0.07,430.0,https://www.vlr.gg/player/18093/kamiyu?timespan=90d,0.3,1.0
dods,KRÜ BLAZE,1.191,275.096,1.323,178.039,0.722,0.971,0.223,0.245,0.191,338.0,https://www.vlr.gg/player/25663/dods?timespan=90d,0.3,1.0
conir,KRÜ BLAZE,1.101,203.964,1.194,132.086,0.771,0.713,0.397,0.067,0.061,338.0,https://www.vlr.gg/player/11259/conir?timespan=90d,0.3,1.0
micaela,KRÜ BLAZE,1.112,196.049,1.203,124.417,0.76,0.737,0.371,0.078,0.05,338.0,https://www.vlr.gg/player/21558/micaela?timespan=90d,0.3,1.0
biazik,KRÜ BLAZE,1.105,195.414,1.082,134.407,0.773,0.643,0.386,0.124,0.074,338.0,https://www.vlr.gg/player/11235/biazik?timespan=90d,0.3,1.0
romily,KRÜ BLAZE,1.086,197.595,1.269,129.374,0.74,0.739,0.246,0.064,0.043,338.0,https://www.vlr.gg/player/18982/romily?timespan=90d,0.3,1.0
srN,MIBR GC,1.251,286.943,1.331,185.467,0.731,0.984,0.201,0.29,0.194,621.0,https://www.vlr.gg/player/31574/srn?timespan=90d,0.3,1.0
sayuri,MIBR GC,1.091,186.064,1.068,115.445,0.783,0.656,0.561,0.058,0.056,621.0,https://www.vlr.gg/player/11239/sayuri?timespan=90d,0.3,1.0
Jelly,MIBR GC,1.137,212.232,1.147,138.758,0.766,0.762,0.365,0.071,0.054,621.0,https://www.vlr.gg/player/21435/jelly?timespan=90d,0.3,1.0
Mel,MIBR GC,1.05,185.507,1.085,120.274,0.752,0.64,0.372,0.058,0.086,516.0,https://www.vlr.gg/player/19791/mel?timespan=90d,0.3,1.0
jubs,MIBR GC,0.959,166.915,1.049,114.289,0.747,0.602,0.215,0.06,0.053,516.0,https://www.vlr.gg/player/14685/jubs?timespan=90d,0.3,1.0
Slandy,mesos millionaires,1.009,199.652,0.979,129.217,0.72,0.673,0.324,0.06,0.057,313.0,https://www.vlr.gg/player/14722/slandy?timespan=90d,0.3,1.0
TeddyIsFluffy,mesos millionaires,1.024,220.698,1.009,142.135,0.72,0.771,0.343,0.112,0.097,189.0,https://www.vlr.gg/player/25510/teddyisfluffy?timespan=90d,0.3,1.0
Aniemal,mesos millionaires,0.857,174.819,0.838,118.382,0.683,0.609,0.256,0.068,0.078,784.0,https://www.vlr.gg/player/6575/aniemal?timespan=90d,0.3,1.0
habibti,mesos millionaires,0.98,220.041,0.998,144.252,0.708,0.757,0.307,0.089,0.124,232.0,https://www.vlr.gg/player/28547/habibti?timespan=90d,0.3,1.0
Aeric,Aspyre x Swarm,1.17,219.795,1.226,144.381,0.749,0.766,0.332,0.1,0.08,774.0,https://www.vlr.gg/player/6576/aeric?timespan=90d,0.0,0.0
maryna,Fisher Fruit,0.692,143.945,0.541,93.779,0.549,0.456,0.298,0.04,0.054,73.0,https://www.vlr.gg/player/11964/maryna?timespan=90d,0.3,1.0
oranges,Teddy Tactics,0.863,154.43,0.815,102.279,0.694,0.548,0.314,0.052,0.09,843.0,https://www.vlr.gg/player/37920/oranges?timespan=90d,0.347,0.995
venus,Teddy Tactics,0.965,205.955,0.988,136.603,0.683,0.729,0.151,0.145,0.146,542.0,https://www.vlr.gg/player/28546/venus?timespan=90d,0.3,1.0
aria,Teddy Tactics,0.943,182.055,0.9,116.647,0.708,0.641,0.403,0.092,0.13,310.0,https://www.vlr.gg/player/43380/aria?timespan=90d,0.35,0.995
Raven,Teddy Tactics,1.139,226.738,1.236,149.617,0.719,0.831,0.2,0.08,0.069,728.0,https://www.vlr.gg/player/38728/raven?timespan=90d,0.3,1.0
calsushi,Teddy Tactics,0.997,196.068,0.937,133.56,0.712,0.675,0.33,0.074,0.08,635.0,https://www.vlr.gg/player/28530/calsushi?timespan=90d,0.344,0.995
k0rupt,Funhavers,0.997,194.433,0.984,123.709,0.733,0.676,0.418,0.076,0.082,1907.0,https://www.vlr.gg/player/28870/k0rupt?timespan=90d,0.547,0.972
Gia,Elation Vortex,0.885,156.768,0.794,105.184,0.677,0.537,0.377,0.058,0.054,420.0,https://www.vlr.gg/player/26008/gia?timespan=90d,0.3,1.0
Celeste,Infinity X,0.91,210.054,0.925,139.537,0.669,0.732,0.213,0.09,0.122,453.0,https://www.vlr.gg/player/41746/celeste?timespan=90d,0.3,1.0
WIRE,Elation Vortex,1.183,278.636,1.262,184.022,0.713,0.972,0.208,0.221,0.172,784.0,https://www.vlr.gg/player/46200/wire?timespan=90d,0.3,1.0
Hyungwonho,Elation Vortex,0.799,147.895,0.775,99.088,0.615,0.519,0.29,0.043,0.096,371.0,https://www.vlr.gg/player/29784/hyungwonho?timespan=90d,0.3,1.0
aurelia,Elation Vortex,0.982,165.568,0.966,113.974,0.66,0.589,0.189,0.038,0.042,284.0,https://www.vlr.gg/player/39710/aurelia?timespan=90d,0.3,1.0
may,Elation Vortex,1.006,266.364,1.069,177.218,0.756,0.942,0.213,0.306,0.033,33.0,https://www.vlr.gg/player/47555/may?timespan=90d,0.3,1.0
terror,Endear Esports,1.18,234.67,1.261,153.458,0.741,0.809,0.292,0.091,0.073,972.0,https://www.vlr.gg/player/45801/terror?timespan=90d,0.3,1.0
panday,oomfies,0.98,185.568,1.056,116.71,0.706,0.666,0.213,0.108,0.108,405.0,https://www.vlr.gg/player/26032/panday?timespan=90d,0.3,1.0
SUPERKAT,oomfies,0.963,204.176,1.069,134.17,0.678,0.719,0.191,0.167,0.165,405.0,https://www.vlr.gg/player/28549/superkat?timespan=90d,0.3,1.0
karie,oomfies,1.31,265.159,1.478,170.295,0.781,0.976,0.269,0.089,0.06,817.0,https://www.vlr.gg/player/17951/karie?timespan=90d,0.3,1.0
mili,Refrag,0.999,205.361,1.075,139.532,0.716,0.729,0.211,0.102,0.1,481.0,https://www.vlr.gg/player/28187/mili?timespan=90d,0.3,1.0
riv,Refrag,0.885,154.699,0.878,101.865,0.71,0.543,0.349,0.077,0.096,400.0,https://www.vlr.gg/player/25400/riv?timespan=90d,0.3,1.0
Kazler,Refrag,1.104,233.04,1.148,151.189,0.723,0.813,0.234,0.15,0.129,512.0,https://www.vlr.gg/player/25167/kazler?timespan=90d,0.3,1.0
rise,zZz,1.129,190.078,1.14,123.183,0.759,0.692,0.402,0.058,0.054,600.0,https://www.vlr.gg/player/5149/rise?timespan=90d,0.3,1.0
bunnybee,Fisher Fruit,0.883,214.041,0.928,137.519,0.619,0.742,0.176,0.171,0.224,420.0,https://www.vlr.gg/player/25246/bunnybee?timespan=90d,0.3,1.0
avery,oomfies,1.175,205.549,1.344,133.851,0.794,0.748,0.417,0.081,0.055,716.0,https://www.vlr.gg/player/17950/avery?timespan=90d,0.3,1.0
lazylion,Passion Project,1.065,202.769,0.968,151.612,0.753,0.665,0.462,0.057,0.078,104.0,https://www.vlr.gg/player/26188/lazylion?timespan=90d,0.41,0.987
unstable,Passion Project,0.974,172.9,0.98,113.744,0.721,0.622,0.278,0.061,0.07,717.0,https://www.vlr.gg/player/27884/unstable?timespan=90d,0.561,0.97
marceline,YFP X,1.022,233.297,1.097,148.599,0.665,0.836,0.148,0.163,0.161,337.0,https://www.vlr.gg/player/14403/marceline?timespan=90d,0.3,1.0
Elab0rate,YFP X,0.845,180.726,0.878,118.043,0.648,0.639,0.165,0.098,0.101,337.0,https://www.vlr.gg/player/30700/elab0rate?timespan=90d,0.3,1.0
melya,Fisher Fruit,1.096,204.872,1.167,134.1,0.735,0.736,0.278,0.079,0.064,1660.0,https://www.vlr.gg/player/19556/melya?timespan=90d,0.3,1.0
Nora,YFP X,1.018,195.042,1.031,127.49,0.717,0.689,0.288,0.096,0.087,1917.0,https://www.vlr.gg/player/32667/nora?timespan=90d,0.3,1.0
Crook,Funhavers,0.0,0.0,0.0,0.0,0.0,0.0,0.0,0.0,0.0,0.0,,0.0,0.0
